order_id,customer_id,order_date,product_id,quantity,amount,discount,status
O00000001,C000000,2025-01-21 12:00:00,P00012,1,13.07,0.0,completed
O00000002,C000000,2025-02-10 16:00:00,P00069,1,175.77,0.0,completed
O00000003,C000000,2025-05-25 20:00:00,P00025,2,54.68,0.0,completed
O00000004,C000000,2025-06-03 18:00:00,P00001,1,18.29,0.0,completed
O00000005,C000000,2025-08-19 08:00:00,P00026,3,75.09,0.1,completed
O00000006,C000000,2025-09-13 05:00:00,P00005,3,60.94,0.1,completed
O00000007,C000000,2025-09-30 15:00:00,P00025,3,73.82,0.1,completed
O00000008,C000000,2025-11-17 07:00:00,P00024,2,39.76,0.0,completed
O00000009,C000000,2026-01-15 06:00:00,P00004,2,29.6,0.2,completed
O00000010,C000000,2026-03-05 07:00:00,P00022,2,46.88,0.0,completed
O00000011,C000001,2024-07-15 08:00:00,P00036,2,30.18,0.0,completed
O00000012,C000001,2024-07-28 07:00:00,P00041,3,48.09,0.1,completed
O00000013,C000001,2024-09-25 01:00:00,P00000,1,36.42,0.2,completed
O00000014,C000001,2024-12-11 01:00:00,P00066,2,14.86,0.0,completed
O00000015,C000001,2024-12-21 22:00:00,P00075,2,48.5,0.0,completed
O00000016,C000001,2025-01-05 02:00:00,P00031,2,9.86,0.0,completed
O00000017,C000001,2025-01-13 15:00:00,P00053,3,118.47,0.0,completed
O00000018,C000001,2025-02-10 23:00:00,P00041,2,32.06,0.1,completed
O00000019,C000001,2025-08-28 12:00:00,P00011,1,18.72,0.0,completed
O00000020,C000002,2025-05-11 01:00:00,P00005,1,20.31,0.1,completed
O00000021,C000002,2025-06-22 13:00:00,P00054,3,27.39,0.0,completed
O00000022,C000002,2025-07-02 05:00:00,P00013,1,19.71,0.0,completed
O00000023,C000002,2025-08-28 02:00:00,P00051,1,38.07,0.1,completed
O00000024,C000003,2024-12-07 00:00:00,P00059,2,26.84,0.0,completed
O00000025,C000003,2024-12-27 01:00:00,P00072,2,9.08,0.0,completed
O00000026,C000003,2025-01-26 21:00:00,P00045,1,14.42,0.1,completed
O00000027,C000003,2025-02-02 06:00:00,P00055,3,30.63,0.0,cancelled
O00000028,C000003,2025-03-26 17:00:00,P00070,2,13.7,0.0,completed
O00000029,C000003,2025-04-01 03:00:00,P00039,3,62.46,0.0,completed
O00000030,C000003,2025-04-19 19:00:00,P00044,2,75.0,0.0,completed
O00000031,C000003,2025-04-30 10:00:00,P00054,2,16.43,0.1,completed
O00000032,C000003,2025-05-05 10:00:00,P00009,2,53.79,0.2,completed
O00000033,C000003,2025-05-12 02:00:00,P00039,2,41.64,0.0,completed
O00000034,C000003,2025-05-26 02:00:00,P00042,2,77.94,0.0,completed
O00000035,C000003,2025-06-10 19:00:00,P00016,2,25.54,0.0,completed
O00000036,C000003,2025-07-22 22:00:00,P00036,1,15.09,0.0,completed
O00000037,C000003,2025-07-31 13:00:00,P00023,3,75.05,0.2,completed
O00000038,C000003,2025-08-05 23:00:00,P00054,3,27.39,0.0,completed
O00000039,C000003,2025-10-19 08:00:00,P00039,2,41.64,0.0,completed
O00000040,C000003,2025-10-25 06:00:00,P00025,2,54.68,0.0,completed
O00000041,C000003,2025-11-09 18:00:00,P00058,2,43.42,0.0,completed
O00000042,C000003,2025-11-28 20:00:00,P00060,2,72.38,0.0,completed
O00000043,C000003,2025-12-22 01:00:00,P00004,2,37.0,0.0,completed
O00000044,C000003,2026-01-03 13:00:00,P00049,1,44.42,0.0,completed
O00000045,C000003,2026-04-04 18:00:00,P00029,1,26.84,0.0,completed
O00000046,C000003,2026-05-25 08:00:00,P00003,1,24.16,0.0,completed
O00000047,C000003,2026-06-02 10:00:00,P00010,1,17.47,0.0,completed
O00000048,C000003,2026-06-26 00:00:00,P00019,2,34.0,0.0,completed
O00000049,C000004,2024-02-20 13:00:00,P00025,1,27.34,0.0,completed
O00000050,C000004,2024-10-13 03:00:00,P00006,3,96.24,0.0,completed
O00000051,C000004,2024-10-20 04:00:00,P00001,2,36.58,0.0,completed
O00000052,C000004,2024-12-27 02:00:00,P00009,2,67.24,0.0,completed
O00000053,C000004,2025-03-16 20:00:00,P00025,3,82.02,0.0,completed
O00000054,C000004,2025-04-01 12:00:00,P00004,2,37.0,0.0,completed
O00000055,C000005,2025-11-17 05:00:00,P00041,3,48.09,0.1,completed
O00000056,C000005,2025-12-16 14:00:00,P00061,3,45.76,0.1,completed
O00000057,C000005,2025-12-21 06:00:00,P00040,1,9.88,0.2,completed
O00000058,C000006,2025-01-30 21:00:00,P00046,3,151.44,0.0,completed
O00000059,C000006,2025-02-12 22:00:00,P00003,3,72.48,0.0,completed
O00000060,C000006,2025-03-10 21:00:00,P00015,3,32.7,0.0,completed
O00000061,C000006,2025-04-10 22:00:00,P00004,2,37.0,0.0,cancelled
O00000062,C000006,2025-05-10 08:00:00,P00005,3,60.94,0.1,completed
O00000063,C000006,2025-07-15 07:00:00,P00063,1,20.61,0.2,completed
O00000064,C000006,2025-10-18 01:00:00,P00016,3,38.31,0.0,completed
O00000065,C000007,2025-02-12 07:00:00,P00024,1,19.88,0.0,completed
O00000066,C000007,2025-02-14 03:00:00,P00004,1,18.5,0.0,completed
O00000067,C000007,2025-02-18 11:00:00,P00074,2,29.9,0.0,completed
O00000068,C000007,2025-04-25 07:00:00,P00030,2,22.28,0.0,completed
O00000069,C000007,2025-04-29 04:00:00,P00060,3,97.71,0.1,refunded
O00000070,C000007,2025-04-30 04:00:00,P00035,1,25.5,0.0,completed
O00000071,C000007,2025-05-17 22:00:00,P00021,1,9.09,0.0,completed
O00000072,C000007,2025-05-28 20:00:00,P00028,1,11.98,0.2,completed
O00000073,C000007,2025-10-04 15:00:00,P00076,1,57.16,0.1,completed
O00000074,C000007,2025-10-29 06:00:00,P00041,3,42.74,0.2,completed
O00000075,C000007,2026-03-03 02:00:00,P00056,1,19.85,0.1,refunded
O00000076,C000007,2026-06-07 14:00:00,P00029,2,53.68,0.0,completed
O00000077,C000008,2024-02-18 21:00:00,P00074,1,13.46,0.1,completed
O00000078,C000008,2024-02-18 04:00:00,P00071,1,21.61,0.0,completed
O00000079,C000008,2024-02-26 00:00:00,P00040,2,24.7,0.0,completed
O00000080,C000008,2024-03-07 12:00:00,P00077,3,129.87,0.0,completed
O00000081,C000008,2024-03-14 00:00:00,P00049,2,88.84,0.0,completed
O00000082,C000008,2024-03-19 19:00:00,P00027,1,16.68,0.1,refunded
O00000083,C000008,2024-03-21 18:00:00,P00011,2,29.95,0.2,completed
O00000084,C000008,2024-05-10 17:00:00,P00077,1,38.96,0.1,completed
O00000085,C000008,2024-05-27 09:00:00,P00004,2,37.0,0.0,completed
O00000086,C000008,2024-05-31 07:00:00,P00055,2,18.38,0.1,refunded
O00000087,C000008,2024-06-21 20:00:00,P00054,1,9.13,0.0,completed
O00000088,C000008,2024-07-02 20:00:00,P00035,3,61.2,0.2,completed
O00000089,C000008,2024-07-25 19:00:00,P00064,2,24.04,0.0,completed
O00000090,C000008,2024-08-04 10:00:00,P00043,3,25.86,0.0,completed
O00000091,C000008,2024-08-18 18:00:00,P00035,3,68.85,0.1,completed
O00000092,C000008,2024-09-16 00:00:00,P00072,2,9.08,0.0,completed
O00000093,C000008,2024-10-10 23:00:00,P00010,2,34.94,0.0,completed
O00000094,C000009,2025-05-15 04:00:00,P00069,2,351.54,0.0,completed
O00000095,C000009,2025-11-01 07:00:00,P00051,1,33.84,0.2,completed
O00000096,C000010,2024-06-26 22:00:00,P00041,3,48.09,0.1,completed
O00000097,C000010,2024-06-29 06:00:00,P00053,1,39.49,0.0,completed
O00000098,C000010,2024-06-30 13:00:00,P00007,2,85.81,0.2,completed
O00000099,C000010,2024-07-06 09:00:00,P00076,2,114.32,0.1,completed
O00000100,C000010,2024-07-14 13:00:00,P00024,3,53.68,0.1,completed
O00000101,C000010,2024-07-29 13:00:00,P00069,3,527.31,0.0,completed
O00000102,C000010,2024-08-06 13:00:00,P00046,2,90.86,0.1,completed
O00000103,C000010,2024-08-22 17:00:00,P00038,2,89.06,0.0,completed
O00000104,C000010,2024-08-26 16:00:00,P00077,1,43.29,0.0,completed
O00000105,C000010,2024-08-30 07:00:00,P00007,1,42.9,0.2,completed
O00000106,C000010,2024-09-09 18:00:00,P00079,3,116.49,0.0,completed
O00000107,C000010,2024-09-15 10:00:00,P00067,1,10.06,0.2,completed
O00000108,C000010,2024-09-20 02:00:00,P00027,2,37.06,0.0,completed
O00000109,C000010,2024-09-21 23:00:00,P00019,1,17.0,0.0,completed
O00000110,C000010,2024-10-11 03:00:00,P00029,2,53.68,0.0,completed
O00000111,C000010,2024-10-12 22:00:00,P00060,2,72.38,0.0,completed
O00000112,C000010,2024-10-15 01:00:00,P00008,1,14.24,0.0,completed
O00000113,C000010,2024-10-22 02:00:00,P00044,3,112.5,0.0,completed
O00000114,C000010,2024-10-24 22:00:00,P00007,2,107.26,0.0,completed
O00000115,C000010,2024-10-25 17:00:00,P00003,3,72.48,0.0,completed
O00000116,C000010,2024-10-28 13:00:00,P00038,1,44.53,0.0,completed
O00000117,C000010,2024-10-31 14:00:00,P00000,1,45.53,0.0,completed
O00000118,C000010,2024-10-31 23:00:00,P00056,3,66.15,0.0,completed
O00000119,C000010,2024-11-02 14:00:00,P00010,3,41.93,0.2,completed
O00000120,C000010,2024-11-02 03:00:00,P00069,3,527.31,0.0,completed
O00000121,C000010,2024-11-04 15:00:00,P00021,2,14.54,0.2,completed
O00000122,C000010,2024-11-05 17:00:00,P00069,1,158.19,0.1,completed
O00000123,C000010,2024-11-20 10:00:00,P00021,3,27.27,0.0,completed
O00000124,C000010,2024-11-22 07:00:00,P00033,3,43.06,0.1,completed
O00000125,C000010,2024-12-08 19:00:00,P00017,2,9.94,0.0,completed
O00000126,C000010,2024-12-19 04:00:00,P00057,3,151.33,0.1,cancelled
O00000127,C000010,2024-12-19 15:00:00,P00069,2,316.39,0.1,completed
O00000128,C000010,2025-01-12 19:00:00,P00077,3,116.88,0.1,completed
O00000129,C000010,2025-01-16 17:00:00,P00042,3,105.22,0.1,completed
O00000130,C000010,2025-01-24 03:00:00,P00014,1,10.24,0.0,completed
O00000131,C000010,2025-02-16 19:00:00,P00009,2,67.24,0.0,completed
O00000132,C000010,2025-03-01 14:00:00,P00018,1,12.44,0.0,completed
O00000133,C000010,2025-03-23 10:00:00,P00008,1,12.82,0.1,completed
O00000134,C000010,2025-03-29 04:00:00,P00030,3,33.42,0.0,completed
O00000135,C000010,2025-03-30 02:00:00,P00047,3,68.38,0.2,completed
O00000136,C000010,2025-03-31 08:00:00,P00060,1,36.19,0.0,completed
O00000137,C000010,2025-03-31 02:00:00,P00053,3,118.47,0.0,completed
O00000138,C000010,2025-04-02 02:00:00,P00026,3,75.09,0.1,completed
O00000139,C000010,2025-04-27 15:00:00,P00057,1,56.05,0.0,completed
O00000140,C000010,2025-05-05 22:00:00,P00002,3,97.62,0.0,completed
O00000141,C000010,2025-05-17 11:00:00,P00052,1,12.14,0.0,completed
O00000142,C000010,2025-05-18 23:00:00,P00073,1,19.18,0.1,completed
O00000143,C000010,2025-05-29 19:00:00,P00050,3,150.75,0.0,completed
O00000144,C000010,2025-05-30 03:00:00,P00066,2,14.86,0.0,completed
O00000145,C000010,2025-06-01 01:00:00,P00062,1,32.33,0.0,completed
O00000146,C000010,2025-06-02 08:00:00,P00008,2,22.78,0.2,completed
O00000147,C000010,2025-06-18 01:00:00,P00006,1,25.66,0.2,completed
O00000148,C000010,2025-06-22 03:00:00,P00059,1,13.42,0.0,completed
O00000149,C000010,2025-06-23 18:00:00,P00052,2,21.85,0.1,completed
O00000150,C000010,2025-07-02 02:00:00,P00002,3,97.62,0.0,completed
O00000151,C000010,2025-07-14 23:00:00,P00014,2,16.38,0.2,completed
O00000152,C000010,2025-07-17 05:00:00,P00017,3,11.93,0.2,completed
O00000153,C000010,2025-07-17 20:00:00,P00015,1,8.72,0.2,completed
O00000154,C000010,2025-08-15 01:00:00,P00000,2,91.06,0.0,completed
O00000155,C000010,2025-08-20 10:00:00,P00061,1,16.95,0.0,completed
O00000156,C000010,2025-08-26 03:00:00,P00029,3,80.52,0.0,completed
O00000157,C000010,2025-08-28 21:00:00,P00079,2,77.66,0.0,completed
O00000158,C000010,2025-08-30 01:00:00,P00024,1,19.88,0.0,completed
O00000159,C000010,2025-09-05 00:00:00,P00025,2,49.21,0.1,completed
O00000160,C000010,2025-09-17 23:00:00,P00049,1,44.42,0.0,completed
O00000161,C000010,2025-09-18 17:00:00,P00041,1,17.81,0.0,completed
O00000162,C000010,2025-10-08 19:00:00,P00012,2,26.14,0.0,completed
O00000163,C000010,2025-10-19 04:00:00,P00056,1,22.05,0.0,completed
O00000164,C000010,2025-10-24 13:00:00,P00028,2,29.94,0.0,completed
O00000165,C000010,2025-10-26 06:00:00,P00075,2,38.8,0.2,completed
O00000166,C000010,2025-11-24 00:00:00,P00000,1,45.53,0.0,completed
O00000167,C000010,2025-12-26 08:00:00,P00051,1,38.07,0.1,completed
O00000168,C000010,2026-01-07 14:00:00,P00008,1,14.24,0.0,completed
O00000169,C000010,2026-01-09 04:00:00,P00056,1,17.64,0.2,completed
O00000170,C000010,2026-01-14 21:00:00,P00003,3,72.48,0.0,completed
O00000171,C000010,2026-01-28 12:00:00,P00022,1,21.1,0.1,completed
O00000172,C000010,2026-01-28 23:00:00,P00059,1,13.42,0.0,completed
O00000173,C000010,2026-01-30 10:00:00,P00029,3,80.52,0.0,completed
O00000174,C000010,2026-02-20 07:00:00,P00024,1,15.9,0.2,completed
O00000175,C000010,2026-02-22 12:00:00,P00071,1,21.61,0.0,completed
O00000176,C000010,2026-03-02 05:00:00,P00013,2,39.42,0.0,completed
O00000177,C000010,2026-03-07 08:00:00,P00003,2,48.32,0.0,completed
O00000178,C000010,2026-03-11 03:00:00,P00016,1,12.77,0.0,completed
O00000179,C000010,2026-03-23 02:00:00,P00044,2,75.0,0.0,completed
O00000180,C000010,2026-04-26 23:00:00,P00041,3,48.09,0.1,completed
O00000181,C000010,2026-04-28 19:00:00,P00010,1,17.47,0.0,cancelled
O00000182,C000010,2026-05-02 18:00:00,P00018,1,12.44,0.0,completed
O00000183,C000010,2026-05-12 19:00:00,P00003,3,72.48,0.0,completed
O00000184,C000010,2026-05-16 17:00:00,P00052,2,21.85,0.1,completed
O00000185,C000010,2026-05-16 17:00:00,P00011,3,44.93,0.2,completed
O00000186,C000010,2026-05-26 03:00:00,P00070,3,20.55,0.0,completed
O00000187,C000010,2026-06-14 15:00:00,P00037,2,45.22,0.1,completed
O00000188,C000010,2026-06-18 11:00:00,P00042,3,105.22,0.1,completed
O00000189,C000010,2026-06-24 11:00:00,P00048,3,107.25,0.0,completed
O00000190,C000011,2025-06-29 01:00:00,P00052,3,32.78,0.1,completed
O00000191,C000011,2025-07-30 11:00:00,P00051,1,38.07,0.1,completed
O00000192,C000011,2025-08-22 21:00:00,P00049,3,133.26,0.0,completed
O00000193,C000011,2025-10-03 21:00:00,P00072,3,13.62,0.0,completed
O00000194,C000011,2025-10-28 10:00:00,P00026,2,55.62,0.0,completed
O00000195,C000011,2026-04-24 14:00:00,P00007,2,96.53,0.1,completed
O00000196,C000011,2026-05-04 02:00:00,P00077,3,129.87,0.0,completed
O00000197,C000011,2026-06-22 05:00:00,P00003,3,65.23,0.1,completed
O00000198,C000012,2024-10-30 14:00:00,P00062,2,51.73,0.2,completed
O00000199,C000012,2024-11-16 14:00:00,P00031,3,14.79,0.0,completed
O00000200,C000012,2024-11-30 09:00:00,P00029,2,48.31,0.1,completed
O00000201,C000012,2025-01-14 11:00:00,P00063,2,51.52,0.0,completed
O00000202,C000012,2025-01-24 00:00:00,P00036,3,36.22,0.2,completed
O00000203,C000012,2025-02-20 10:00:00,P00049,3,133.26,0.0,completed
O00000204,C000012,2025-03-03 02:00:00,P00074,3,35.88,0.2,completed
O00000205,C000012,2025-03-09 15:00:00,P00046,2,90.86,0.1,completed
O00000206,C000012,2025-04-03 00:00:00,P00071,2,43.22,0.0,completed
O00000207,C000012,2025-06-13 08:00:00,P00055,1,9.19,0.1,completed
O00000208,C000012,2025-06-18 10:00:00,P00022,2,46.88,0.0,completed
O00000209,C000012,2025-06-20 21:00:00,P00003,2,38.66,0.2,completed
O00000210,C000012,2025-07-04 09:00:00,P00078,3,55.44,0.0,completed
O00000211,C000012,2025-08-19 01:00:00,P00018,2,24.88,0.0,completed
O00000212,C000012,2025-09-27 14:00:00,P00072,2,9.08,0.0,completed
O00000213,C000012,2025-10-07 21:00:00,P00029,2,53.68,0.0,completed
O00000214,C000012,2025-10-17 10:00:00,P00008,2,28.48,0.0,completed
O00000215,C000012,2025-10-28 21:00:00,P00064,2,19.23,0.2,completed
O00000216,C000012,2026-01-17 11:00:00,P00051,1,42.3,0.0,completed
O00000217,C000012,2026-03-01 16:00:00,P00005,2,45.14,0.0,refunded
O00000218,C000012,2026-05-07 13:00:00,P00020,3,74.47,0.2,completed
O00000219,C000012,2026-06-13 19:00:00,P00025,1,21.87,0.2,completed
O00000220,C000013,2025-04-24 17:00:00,P00070,1,6.85,0.0,completed
O00000221,C000013,2025-05-10 03:00:00,P00008,2,28.48,0.0,completed
O00000222,C000013,2025-05-31 22:00:00,P00001,3,54.87,0.0,completed
O00000223,C000013,2025-06-28 23:00:00,P00035,2,40.8,0.2,completed
O00000224,C000013,2025-08-14 20:00:00,P00033,1,15.95,0.0,completed
O00000225,C000013,2025-08-24 11:00:00,P00056,1,19.85,0.1,completed
O00000226,C000013,2025-09-04 12:00:00,P00068,3,110.79,0.0,cancelled
O00000227,C000013,2025-09-24 08:00:00,P00008,3,42.72,0.0,completed
O00000228,C000013,2025-10-08 11:00:00,P00036,3,40.74,0.1,completed
O00000229,C000013,2025-12-02 21:00:00,P00026,2,44.5,0.2,completed
O00000230,C000014,2024-08-04 22:00:00,P00019,2,34.0,0.0,completed
O00000231,C000014,2024-09-11 11:00:00,P00017,1,4.97,0.0,completed
O00000232,C000014,2024-10-03 08:00:00,P00048,3,107.25,0.0,completed
O00000233,C000014,2025-03-15 07:00:00,P00023,1,25.02,0.2,completed
O00000234,C000015,2024-04-02 14:00:00,P00010,3,41.93,0.2,completed
O00000235,C000015,2024-04-21 22:00:00,P00075,2,38.8,0.2,completed
O00000236,C000015,2024-04-23 23:00:00,P00059,3,40.26,0.0,completed
O00000237,C000015,2024-05-15 23:00:00,P00013,2,39.42,0.0,completed
O00000238,C000015,2024-05-19 22:00:00,P00070,3,16.44,0.2,completed
O00000239,C000015,2024-06-04 00:00:00,P00036,1,15.09,0.0,completed
O00000240,C000015,2024-07-01 04:00:00,P00028,2,23.95,0.2,completed
O00000241,C000015,2024-08-21 05:00:00,P00065,2,104.26,0.0,refunded
O00000242,C000015,2024-08-27 16:00:00,P00048,3,107.25,0.0,completed
O00000243,C000015,2024-09-24 14:00:00,P00041,1,17.81,0.0,completed
O00000244,C000015,2024-09-29 18:00:00,P00039,3,62.46,0.0,completed
O00000245,C000016,2024-10-03 23:00:00,P00030,3,30.08,0.1,refunded
O00000246,C000016,2024-10-03 06:00:00,P00039,1,20.82,0.0,completed
O00000247,C000016,2024-12-14 10:00:00,P00073,2,42.62,0.0,completed
O00000248,C000016,2024-12-22 17:00:00,P00010,2,34.94,0.0,completed
O00000249,C000016,2025-01-05 06:00:00,P00047,2,56.98,0.0,completed
O00000250,C000016,2025-01-29 06:00:00,P00045,1,12.82,0.2,completed
O00000251,C000016,2025-02-01 17:00:00,P00036,2,24.14,0.2,completed
O00000252,C000016,2025-02-25 01:00:00,P00062,2,58.19,0.1,completed
O00000253,C000016,2025-02-26 19:00:00,P00059,2,26.84,0.0,completed
O00000254,C000016,2025-03-07 20:00:00,P00072,1,4.54,0.0,completed
O00000255,C000016,2025-04-06 02:00:00,P00078,1,16.63,0.1,completed
O00000256,C000016,2025-04-17 14:00:00,P00068,1,33.24,0.1,completed
O00000257,C000016,2025-04-25 05:00:00,P00028,1,13.47,0.1,completed
O00000258,C000016,2025-05-12 04:00:00,P00014,2,20.48,0.0,completed
O00000259,C000016,2025-06-04 00:00:00,P00041,2,28.5,0.2,cancelled
O00000260,C000016,2025-07-17 16:00:00,P00036,2,30.18,0.0,completed
O00000261,C000016,2025-08-28 16:00:00,P00036,3,45.27,0.0,completed
O00000262,C000016,2025-08-30 06:00:00,P00000,2,91.06,0.0,completed
O00000263,C000016,2025-10-14 15:00:00,P00071,3,64.83,0.0,completed
O00000264,C000016,2025-11-22 00:00:00,P00030,3,33.42,0.0,completed
O00000265,C000016,2025-12-04 05:00:00,P00043,1,8.62,0.0,refunded
O00000266,C000016,2025-12-11 08:00:00,P00042,2,70.15,0.1,completed
O00000267,C000016,2026-02-10 15:00:00,P00076,1,63.51,0.0,completed
O00000268,C000016,2026-02-22 15:00:00,P00058,2,39.08,0.1,completed
O00000269,C000016,2026-02-23 10:00:00,P00017,3,14.91,0.0,completed
O00000270,C000016,2026-03-06 07:00:00,P00022,3,63.29,0.1,completed
O00000271,C000016,2026-03-07 16:00:00,P00023,2,56.29,0.1,completed
O00000272,C000016,2026-03-29 10:00:00,P00032,2,25.7,0.1,completed
O00000273,C000016,2026-05-02 19:00:00,P00040,3,33.34,0.1,completed
O00000274,C000017,2024-02-26 07:00:00,P00017,1,4.47,0.1,completed
O00000275,C000017,2024-02-28 13:00:00,P00067,1,12.58,0.0,completed
O00000276,C000017,2024-04-13 15:00:00,P00052,2,21.85,0.1,completed
O00000277,C000017,2024-06-04 02:00:00,P00043,3,25.86,0.0,completed
O00000278,C000017,2024-06-21 05:00:00,P00031,1,4.93,0.0,completed
O00000279,C000018,2025-03-20 15:00:00,P00036,3,40.74,0.1,completed
O00000280,C000018,2025-04-11 23:00:00,P00022,1,23.44,0.0,completed
O00000281,C000018,2025-05-27 09:00:00,P00079,1,38.83,0.0,completed
O00000282,C000018,2025-07-11 02:00:00,P00074,3,44.85,0.0,completed
O00000283,C000018,2025-08-02 04:00:00,P00020,2,62.06,0.0,completed
O00000284,C000018,2025-09-02 15:00:00,P00016,1,12.77,0.0,completed
O00000285,C000018,2025-09-24 13:00:00,P00069,1,175.77,0.0,completed
O00000286,C000018,2026-01-09 11:00:00,P00017,3,14.91,0.0,completed
O00000287,C000018,2026-02-25 21:00:00,P00017,1,4.97,0.0,completed
O00000288,C000018,2026-06-19 20:00:00,P00010,1,17.47,0.0,cancelled
O00000289,C000018,2026-06-29 01:00:00,P00050,1,50.25,0.0,completed
O00000290,C000019,2024-12-06 12:00:00,P00038,2,89.06,0.0,completed
O00000291,C000019,2024-12-11 16:00:00,P00075,1,24.25,0.0,completed
O00000292,C000019,2025-02-01 09:00:00,P00029,2,48.31,0.1,completed
O00000293,C000019,2025-03-16 20:00:00,P00033,2,28.71,0.1,completed
O00000294,C000019,2025-04-08 13:00:00,P00004,3,55.5,0.0,completed
O00000295,C000019,2025-04-09 03:00:00,P00005,3,60.94,0.1,completed
O00000296,C000019,2025-04-23 16:00:00,P00044,3,90.0,0.2,completed
O00000297,C000019,2025-05-03 13:00:00,P00010,3,52.41,0.0,completed
O00000298,C000019,2025-05-04 23:00:00,P00026,2,55.62,0.0,completed
O00000299,C000019,2025-05-14 19:00:00,P00076,2,127.02,0.0,cancelled
O00000300,C000019,2025-05-16 19:00:00,P00023,3,84.43,0.1,completed
O00000301,C000019,2025-05-17 08:00:00,P00075,1,21.82,0.1,completed
O00000302,C000019,2025-06-30 09:00:00,P00033,2,31.9,0.0,completed
O00000303,C000019,2025-09-07 14:00:00,P00073,1,19.18,0.1,completed
O00000304,C000019,2025-10-12 19:00:00,P00027,1,18.53,0.0,completed
O00000305,C000019,2025-11-01 05:00:00,P00060,3,97.71,0.1,completed
O00000306,C000019,2025-11-05 06:00:00,P00011,2,33.7,0.1,cancelled
O00000307,C000019,2025-11-09 23:00:00,P00054,2,14.61,0.2,completed
O00000308,C000019,2025-11-25 16:00:00,P00026,1,27.81,0.0,completed
O00000309,C000019,2025-11-27 11:00:00,P00067,1,10.06,0.2,completed
O00000310,C000019,2025-12-04 04:00:00,P00036,2,30.18,0.0,completed
O00000311,C000019,2025-12-17 07:00:00,P00035,3,61.2,0.2,completed
O00000312,C000019,2025-12-30 10:00:00,P00052,2,24.28,0.0,completed
O00000313,C000019,2025-12-31 19:00:00,P00043,2,15.52,0.1,completed
O00000314,C000019,2026-02-05 14:00:00,P00044,3,112.5,0.0,completed
O00000315,C000019,2026-02-27 08:00:00,P00071,1,19.45,0.1,completed
O00000316,C000019,2026-04-18 19:00:00,P00059,1,10.74,0.2,completed
O00000317,C000019,2026-04-25 15:00:00,P00004,2,33.3,0.1,completed
O00000318,C000019,2026-06-05 22:00:00,P00076,2,101.62,0.2,completed
O00000319,C000019,2026-06-14 12:00:00,P00045,3,38.45,0.2,completed
O00000320,C000019,2026-06-23 23:00:00,P00005,2,40.63,0.1,completed
O00000321,C000020,2025-01-14 00:00:00,P00076,1,63.51,0.0,completed
O00000322,C000020,2025-01-26 12:00:00,P00075,2,48.5,0.0,completed
O00000323,C000020,2025-02-14 21:00:00,P00046,2,100.96,0.0,completed
O00000324,C000020,2025-02-17 02:00:00,P00019,3,40.8,0.2,completed
O00000325,C000020,2025-04-04 22:00:00,P00016,1,10.22,0.2,completed
O00000326,C000020,2025-04-13 17:00:00,P00022,2,46.88,0.0,completed
O00000327,C000020,2025-04-27 16:00:00,P00053,3,94.78,0.2,completed
O00000328,C000020,2025-04-27 08:00:00,P00026,1,25.03,0.1,completed
O00000329,C000020,2025-05-01 15:00:00,P00048,3,107.25,0.0,completed
O00000330,C000020,2025-05-03 18:00:00,P00054,3,27.39,0.0,completed
O00000331,C000020,2025-05-06 14:00:00,P00040,2,24.7,0.0,completed
O00000332,C000020,2025-05-09 16:00:00,P00044,3,112.5,0.0,completed
O00000333,C000020,2025-06-03 05:00:00,P00029,1,26.84,0.0,completed
O00000334,C000020,2025-06-20 22:00:00,P00059,3,40.26,0.0,completed
O00000335,C000020,2025-07-03 07:00:00,P00044,1,33.75,0.1,completed
O00000336,C000020,2025-07-03 17:00:00,P00049,3,133.26,0.0,completed
O00000337,C000020,2025-07-06 19:00:00,P00075,2,48.5,0.0,refunded
O00000338,C000020,2025-07-14 04:00:00,P00059,1,13.42,0.0,completed
O00000339,C000020,2025-08-23 12:00:00,P00044,2,67.5,0.1,completed
O00000340,C000020,2025-09-03 06:00:00,P00069,1,140.62,0.2,cancelled
O00000341,C000020,2025-10-08 01:00:00,P00005,1,18.06,0.2,completed
O00000342,C000020,2025-10-10 21:00:00,P00043,1,6.9,0.2,completed
O00000343,C000020,2025-10-11 16:00:00,P00079,2,77.66,0.0,completed
O00000344,C000020,2025-11-01 05:00:00,P00020,2,62.06,0.0,completed
O00000345,C000020,2025-11-03 10:00:00,P00050,2,100.5,0.0,completed
O00000346,C000020,2025-11-11 13:00:00,P00032,3,38.56,0.1,completed
O00000347,C000020,2025-11-24 03:00:00,P00009,3,100.86,0.0,completed
O00000348,C000020,2025-12-03 16:00:00,P00012,2,23.53,0.1,completed
O00000349,C000020,2025-12-05 11:00:00,P00001,1,16.46,0.1,completed
O00000350,C000020,2025-12-07 02:00:00,P00073,2,42.62,0.0,completed
O00000351,C000020,2025-12-25 12:00:00,P00019,3,40.8,0.2,completed
O00000352,C000020,2026-01-11 04:00:00,P00035,2,51.0,0.0,refunded
O00000353,C000020,2026-01-15 14:00:00,P00043,1,6.9,0.2,completed
O00000354,C000020,2026-02-18 14:00:00,P00066,1,6.69,0.1,completed
O00000355,C000020,2026-03-09 21:00:00,P00057,3,168.15,0.0,completed
O00000356,C000020,2026-03-23 13:00:00,P00075,3,72.75,0.0,completed
O00000357,C000020,2026-04-17 09:00:00,P00070,1,6.85,0.0,refunded
O00000358,C000020,2026-04-21 00:00:00,P00028,1,14.97,0.0,completed
O00000359,C000020,2026-05-02 12:00:00,P00016,1,11.49,0.1,completed
O00000360,C000020,2026-05-12 17:00:00,P00010,3,52.41,0.0,completed
O00000361,C000020,2026-06-02 21:00:00,P00010,1,17.47,0.0,completed
O00000362,C000020,2026-06-23 01:00:00,P00062,1,29.1,0.1,completed
O00000363,C000021,2024-06-09 02:00:00,P00007,2,107.26,0.0,completed
O00000364,C000021,2024-08-06 05:00:00,P00002,1,32.54,0.0,completed
O00000365,C000021,2024-11-12 04:00:00,P00014,1,10.24,0.0,completed
O00000366,C000021,2024-12-30 03:00:00,P00002,1,26.03,0.2,completed
O00000367,C000021,2025-01-11 02:00:00,P00062,1,29.1,0.1,completed
O00000368,C000021,2025-01-17 18:00:00,P00039,3,62.46,0.0,completed
O00000369,C000021,2025-02-27 16:00:00,P00044,2,67.5,0.1,completed
O00000370,C000021,2025-03-21 07:00:00,P00048,1,35.75,0.0,completed
O00000371,C000021,2025-03-22 18:00:00,P00030,1,11.14,0.0,completed
O00000372,C000021,2025-04-05 00:00:00,P00065,3,140.75,0.1,completed
O00000373,C000021,2025-04-12 05:00:00,P00007,2,85.81,0.2,completed
O00000374,C000021,2025-04-21 15:00:00,P00026,3,83.43,0.0,completed
O00000375,C000021,2025-06-13 19:00:00,P00043,3,25.86,0.0,completed
O00000376,C000021,2025-06-16 12:00:00,P00052,3,32.78,0.1,completed
O00000377,C000022,2025-09-01 08:00:00,P00049,2,79.96,0.1,completed
O00000378,C000022,2025-09-15 13:00:00,P00066,2,14.86,0.0,completed
O00000379,C000023,2025-05-23 10:00:00,P00014,2,20.48,0.0,completed
O00000380,C000023,2025-06-13 15:00:00,P00022,1,23.44,0.0,completed
O00000381,C000023,2025-06-29 13:00:00,P00017,1,4.97,0.0,completed
O00000382,C000023,2025-06-29 17:00:00,P00019,1,13.6,0.2,completed
O00000383,C000023,2025-07-11 02:00:00,P00036,2,30.18,0.0,completed
O00000384,C000023,2025-07-19 16:00:00,P00052,3,36.42,0.0,completed
O00000385,C000023,2025-07-23 04:00:00,P00023,1,28.14,0.1,completed
O00000386,C000023,2025-08-04 18:00:00,P00062,3,96.99,0.0,completed
O00000387,C000023,2025-08-04 10:00:00,P00010,1,15.72,0.1,completed
O00000388,C000023,2025-08-23 17:00:00,P00055,1,10.21,0.0,completed
O00000389,C000023,2025-08-30 01:00:00,P00001,2,36.58,0.0,completed
O00000390,C000023,2025-09-19 23:00:00,P00048,3,107.25,0.0,completed
O00000391,C000023,2025-10-15 04:00:00,P00020,2,55.85,0.1,completed
O00000392,C000023,2025-10-26 21:00:00,P00027,2,37.06,0.0,completed
O00000393,C000023,2025-11-05 14:00:00,P00073,3,57.54,0.1,refunded
O00000394,C000023,2025-11-21 14:00:00,P00053,3,106.62,0.1,completed
O00000395,C000023,2025-12-13 13:00:00,P00076,3,171.48,0.1,completed
O00000396,C000023,2025-12-25 09:00:00,P00052,1,9.71,0.2,completed
O00000397,C000023,2026-01-23 12:00:00,P00008,2,22.78,0.2,completed
O00000398,C000023,2026-02-21 23:00:00,P00017,1,4.97,0.0,completed
O00000399,C000023,2026-02-23 08:00:00,P00039,2,41.64,0.0,completed
O00000400,C000023,2026-02-24 08:00:00,P00002,3,97.62,0.0,completed
O00000401,C000023,2026-04-19 22:00:00,P00020,2,49.65,0.2,completed
O00000402,C000023,2026-04-24 07:00:00,P00052,3,36.42,0.0,completed
O00000403,C000023,2026-05-04 19:00:00,P00004,1,18.5,0.0,completed
O00000404,C000023,2026-05-08 00:00:00,P00025,3,73.82,0.1,completed
O00000405,C000023,2026-05-14 03:00:00,P00038,3,133.59,0.0,completed
O00000406,C000023,2026-05-16 23:00:00,P00002,1,32.54,0.0,completed
O00000407,C000023,2026-06-17 09:00:00,P00029,3,72.47,0.1,completed
O00000408,C000023,2026-06-19 20:00:00,P00001,2,36.58,0.0,completed
O00000409,C000024,2025-01-24 02:00:00,P00006,3,96.24,0.0,completed
O00000410,C000024,2025-02-10 22:00:00,P00051,3,101.52,0.2,completed
O00000411,C000024,2025-03-09 18:00:00,P00047,1,28.49,0.0,completed
O00000412,C000024,2025-03-24 07:00:00,P00061,3,40.68,0.2,completed
O00000413,C000024,2025-04-04 05:00:00,P00071,2,43.22,0.0,completed
O00000414,C000024,2025-05-01 06:00:00,P00074,1,11.96,0.2,completed
O00000415,C000024,2025-06-01 06:00:00,P00059,1,13.42,0.0,completed
O00000416,C000024,2025-06-17 03:00:00,P00000,3,109.27,0.2,completed
O00000417,C000024,2025-07-16 13:00:00,P00061,2,33.9,0.0,completed
O00000418,C000024,2025-08-05 21:00:00,P00055,3,27.57,0.1,completed
O00000419,C000024,2025-08-05 17:00:00,P00072,1,4.54,0.0,completed
O00000420,C000024,2025-08-12 18:00:00,P00044,3,90.0,0.2,cancelled
O00000421,C000024,2025-08-13 21:00:00,P00035,2,40.8,0.2,completed
O00000422,C000024,2025-08-14 18:00:00,P00012,2,26.14,0.0,completed
O00000423,C000024,2025-09-25 04:00:00,P00043,2,17.24,0.0,completed
O00000424,C000024,2025-09-25 09:00:00,P00073,2,34.1,0.2,completed
O00000425,C000024,2025-09-26 06:00:00,P00010,3,52.41,0.0,completed
O00000426,C000024,2025-10-14 15:00:00,P00054,3,27.39,0.0,completed
O00000427,C000024,2025-10-25 23:00:00,P00040,1,9.88,0.2,completed
O00000428,C000024,2025-11-08 16:00:00,P00030,1,11.14,0.0,refunded
O00000429,C000024,2026-01-21 04:00:00,P00027,2,37.06,0.0,refunded
O00000430,C000024,2026-02-02 23:00:00,P00002,2,52.06,0.2,completed
O00000431,C000024,2026-03-31 14:00:00,P00026,3,83.43,0.0,completed
O00000432,C000024,2026-04-11 13:00:00,P00042,3,93.53,0.2,completed
O00000433,C000024,2026-06-13 04:00:00,P00047,2,45.58,0.2,completed
O00000434,C000024,2026-06-29 06:00:00,P00067,2,25.16,0.0,completed
O00000435,C000025,2024-03-29 23:00:00,P00006,2,64.16,0.0,cancelled
O00000436,C000025,2024-04-18 17:00:00,P00060,3,108.57,0.0,completed
O00000437,C000025,2024-05-22 14:00:00,P00075,2,48.5,0.0,completed
O00000438,C000025,2024-07-09 17:00:00,P00061,1,15.26,0.1,refunded
O00000439,C000025,2024-07-24 19:00:00,P00003,1,19.33,0.2,completed
O00000440,C000025,2024-08-07 02:00:00,P00071,3,64.83,0.0,completed
O00000441,C000025,2024-09-03 16:00:00,P00055,2,20.42,0.0,completed
O00000442,C000025,2024-09-14 14:00:00,P00061,2,30.51,0.1,completed
O00000443,C000025,2024-10-02 14:00:00,P00013,3,53.22,0.1,completed
O00000444,C000025,2024-10-06 19:00:00,P00056,1,19.85,0.1,completed
O00000445,C000025,2024-11-05 04:00:00,P00043,3,25.86,0.0,completed
O00000446,C000025,2024-11-22 18:00:00,P00000,3,136.59,0.0,completed
O00000447,C000025,2024-11-29 18:00:00,P00033,2,28.71,0.1,completed
O00000448,C000025,2025-01-03 19:00:00,P00013,2,39.42,0.0,completed
O00000449,C000025,2025-01-10 06:00:00,P00062,3,96.99,0.0,completed
O00000450,C000025,2025-01-11 15:00:00,P00046,2,80.77,0.2,completed
O00000451,C000025,2025-02-01 18:00:00,P00005,3,67.71,0.0,completed
O00000452,C000025,2025-04-05 06:00:00,P00045,2,28.84,0.1,completed
O00000453,C000025,2025-04-18 08:00:00,P00040,2,22.23,0.1,refunded
O00000454,C000025,2025-05-22 03:00:00,P00052,3,29.14,0.2,completed
O00000455,C000025,2025-06-03 10:00:00,P00031,1,4.44,0.1,completed
O00000456,C000025,2025-07-06 09:00:00,P00050,3,150.75,0.0,completed
O00000457,C000025,2025-07-14 21:00:00,P00017,2,9.94,0.0,completed
O00000458,C000025,2025-07-22 02:00:00,P00008,2,25.63,0.1,completed
O00000459,C000025,2025-08-05 04:00:00,P00059,2,26.84,0.0,completed
O00000460,C000025,2025-08-09 20:00:00,P00075,3,72.75,0.0,completed
O00000461,C000025,2025-08-09 14:00:00,P00043,3,23.27,0.1,completed
O00000462,C000025,2025-08-13 00:00:00,P00036,3,45.27,0.0,completed
O00000463,C000025,2025-08-13 19:00:00,P00069,1,140.62,0.2,completed
O00000464,C000025,2025-08-15 09:00:00,P00058,1,17.37,0.2,completed
O00000465,C000025,2025-08-24 05:00:00,P00056,1,22.05,0.0,completed
O00000466,C000025,2025-09-06 00:00:00,P00059,3,36.23,0.1,completed
O00000467,C000025,2025-09-10 09:00:00,P00078,2,36.96,0.0,completed
O00000468,C000025,2025-10-07 05:00:00,P00017,2,9.94,0.0,completed
O00000469,C000025,2025-10-24 07:00:00,P00055,1,10.21,0.0,completed
O00000470,C000025,2025-11-03 18:00:00,P00032,1,12.85,0.1,completed
O00000471,C000025,2025-11-14 18:00:00,P00078,2,33.26,0.1,completed
O00000472,C000025,2025-12-21 12:00:00,P00004,1,14.8,0.2,completed
O00000473,C000025,2026-01-09 14:00:00,P00017,3,14.91,0.0,completed
O00000474,C000025,2026-01-29 05:00:00,P00002,3,87.86,0.1,completed
O00000475,C000025,2026-02-04 11:00:00,P00014,1,10.24,0.0,completed
O00000476,C000025,2026-03-17 18:00:00,P00012,3,35.29,0.1,completed
O00000477,C000025,2026-03-20 20:00:00,P00048,1,32.18,0.1,refunded
O00000478,C000025,2026-04-17 07:00:00,P00009,3,90.77,0.1,completed
O00000479,C000025,2026-05-24 07:00:00,P00079,3,116.49,0.0,completed
O00000480,C000025,2026-05-27 00:00:00,P00057,2,100.89,0.1,refunded
O00000481,C000025,2026-06-26 04:00:00,P00015,2,17.44,0.2,completed
O00000482,C000026,2024-07-19 23:00:00,P00046,1,40.38,0.2,completed
O00000483,C000026,2024-08-30 23:00:00,P00017,1,3.98,0.2,completed
O00000484,C000026,2024-09-01 22:00:00,P00027,3,44.47,0.2,completed
O00000485,C000026,2024-09-13 07:00:00,P00033,2,25.52,0.2,completed
O00000486,C000026,2024-10-05 03:00:00,P00064,1,12.02,0.0,completed
O00000487,C000026,2024-10-07 02:00:00,P00038,2,80.15,0.1,completed
O00000488,C000026,2024-10-23 18:00:00,P00013,1,19.71,0.0,completed
O00000489,C000026,2024-11-24 08:00:00,P00052,2,19.42,0.2,completed
O00000490,C000026,2024-12-08 19:00:00,P00032,3,42.84,0.0,completed
O00000491,C000026,2024-12-12 17:00:00,P00036,3,45.27,0.0,completed
O00000492,C000026,2025-01-16 19:00:00,P00030,1,10.03,0.1,completed
O00000493,C000026,2025-01-23 03:00:00,P00067,3,30.19,0.2,completed
O00000494,C000026,2025-04-09 17:00:00,P00043,3,25.86,0.0,completed
O00000495,C000026,2025-05-19 07:00:00,P00006,3,86.62,0.1,completed
O00000496,C000026,2025-05-20 04:00:00,P00061,1,16.95,0.0,completed
O00000497,C000026,2025-06-02 06:00:00,P00028,3,35.93,0.2,completed
O00000498,C000026,2025-06-07 15:00:00,P00048,2,71.5,0.0,completed
O00000499,C000026,2025-06-15 00:00:00,P00070,3,20.55,0.0,completed
O00000500,C000026,2025-06-16 03:00:00,P00005,1,22.57,0.0,refunded
O00000501,C000026,2025-06-30 03:00:00,P00004,2,37.0,0.0,completed
O00000502,C000026,2025-07-05 21:00:00,P00054,1,9.13,0.0,completed
O00000503,C000026,2025-08-10 11:00:00,P00062,3,96.99,0.0,completed
O00000504,C000026,2025-08-20 05:00:00,P00068,3,88.63,0.2,completed
O00000505,C000026,2025-09-13 02:00:00,P00000,1,40.98,0.1,completed
O00000506,C000026,2025-10-30 00:00:00,P00034,3,78.96,0.0,completed
O00000507,C000026,2025-10-31 21:00:00,P00030,3,33.42,0.0,completed
O00000508,C000026,2025-12-10 06:00:00,P00061,3,45.76,0.1,completed
O00000509,C000026,2026-03-20 02:00:00,P00068,3,110.79,0.0,completed
O00000510,C000026,2026-05-25 23:00:00,P00027,1,18.53,0.0,completed
O00000511,C000026,2026-06-16 02:00:00,P00016,3,38.31,0.0,completed
O00000512,C000026,2026-06-17 05:00:00,P00040,3,33.34,0.1,completed
O00000513,C000026,2026-06-22 07:00:00,P00011,3,44.93,0.2,cancelled
O00000514,C000028,2024-03-02 22:00:00,P00033,2,31.9,0.0,completed
O00000515,C000028,2024-03-28 06:00:00,P00014,3,27.65,0.1,completed
O00000516,C000028,2024-04-06 06:00:00,P00031,1,4.93,0.0,completed
O00000517,C000028,2024-05-17 11:00:00,P00007,3,160.89,0.0,completed
O00000518,C000028,2024-05-17 07:00:00,P00046,3,136.3,0.1,completed
O00000519,C000028,2024-06-04 03:00:00,P00062,1,32.33,0.0,completed
O00000520,C000028,2024-07-17 14:00:00,P00026,1,27.81,0.0,completed
O00000521,C000028,2024-07-23 11:00:00,P00050,3,150.75,0.0,completed
O00000522,C000028,2024-07-27 00:00:00,P00068,3,110.79,0.0,completed
O00000523,C000028,2024-08-06 13:00:00,P00075,3,72.75,0.0,completed
O00000524,C000028,2024-08-24 15:00:00,P00009,2,67.24,0.0,completed
O00000525,C000028,2024-09-20 00:00:00,P00029,1,26.84,0.0,completed
O00000526,C000028,2024-09-21 12:00:00,P00005,1,20.31,0.1,completed
O00000527,C000028,2024-10-14 09:00:00,P00036,2,30.18,0.0,completed
O00000528,C000028,2024-11-27 02:00:00,P00054,3,27.39,0.0,completed
O00000529,C000028,2024-12-07 19:00:00,P00053,2,78.98,0.0,completed
O00000530,C000028,2024-12-28 16:00:00,P00038,1,44.53,0.0,completed
O00000531,C000028,2025-01-01 06:00:00,P00012,1,13.07,0.0,completed
O00000532,C000028,2025-01-23 09:00:00,P00076,1,63.51,0.0,completed
O00000533,C000028,2025-02-16 21:00:00,P00000,1,40.98,0.1,completed
O00000534,C000028,2025-04-18 21:00:00,P00070,3,20.55,0.0,completed
O00000535,C000028,2025-06-04 01:00:00,P00064,3,36.06,0.0,completed
O00000536,C000028,2025-08-21 06:00:00,P00077,3,129.87,0.0,completed
O00000537,C000028,2025-09-21 16:00:00,P00038,2,89.06,0.0,completed
O00000538,C000028,2025-09-24 05:00:00,P00008,3,34.18,0.2,completed
O00000539,C000028,2025-10-10 11:00:00,P00076,2,127.02,0.0,completed
O00000540,C000028,2025-10-13 09:00:00,P00002,2,65.08,0.0,completed
O00000541,C000028,2025-10-14 17:00:00,P00008,3,42.72,0.0,completed
O00000542,C000028,2025-10-14 06:00:00,P00035,1,25.5,0.0,completed
O00000543,C000028,2025-10-24 12:00:00,P00015,3,32.7,0.0,completed
O00000544,C000028,2025-11-16 01:00:00,P00010,1,15.72,0.1,completed
O00000545,C000028,2025-12-21 04:00:00,P00004,1,16.65,0.1,completed
O00000546,C000028,2025-12-31 00:00:00,P00055,2,20.42,0.0,completed
O00000547,C000028,2026-02-11 20:00:00,P00075,1,19.4,0.2,completed
O00000548,C000028,2026-04-03 23:00:00,P00067,3,37.74,0.0,completed
O00000549,C000028,2026-05-28 21:00:00,P00065,1,46.92,0.1,completed
O00000550,C000029,2024-12-06 12:00:00,P00073,1,21.31,0.0,completed
O00000551,C000029,2025-12-17 01:00:00,P00043,3,25.86,0.0,completed
O00000552,C000029,2026-02-05 12:00:00,P00028,3,35.93,0.2,cancelled
O00000553,C000030,2025-03-07 06:00:00,P00078,2,29.57,0.2,completed
O00000554,C000030,2025-04-18 22:00:00,P00034,1,26.32,0.0,completed
O00000555,C000030,2025-05-27 22:00:00,P00010,1,17.47,0.0,completed
O00000556,C000030,2025-08-04 04:00:00,P00073,3,57.54,0.1,completed
O00000557,C000030,2025-11-26 14:00:00,P00050,2,100.5,0.0,completed
O00000558,C000030,2026-05-29 07:00:00,P00023,1,31.27,0.0,completed
O00000559,C000031,2025-08-25 00:00:00,P00032,3,42.84,0.0,completed
O00000560,C000031,2025-08-26 01:00:00,P00026,2,55.62,0.0,completed
O00000561,C000031,2025-09-17 16:00:00,P00032,3,34.27,0.2,completed
O00000562,C000031,2025-10-12 13:00:00,P00040,1,12.35,0.0,completed
O00000563,C000031,2025-10-13 16:00:00,P00015,2,21.8,0.0,completed
O00000564,C000031,2025-10-29 08:00:00,P00045,2,28.84,0.1,completed
O00000565,C000031,2026-01-08 16:00:00,P00004,2,37.0,0.0,completed
O00000566,C000031,2026-02-14 19:00:00,P00051,3,126.9,0.0,completed
O00000567,C000031,2026-04-07 13:00:00,P00036,3,45.27,0.0,refunded
O00000568,C000031,2026-06-09 20:00:00,P00040,1,12.35,0.0,completed
O00000569,C000031,2026-06-21 16:00:00,P00025,3,65.62,0.2,completed
O00000570,C000032,2024-06-02 08:00:00,P00006,2,64.16,0.0,cancelled
O00000571,C000033,2024-06-06 19:00:00,P00050,3,150.75,0.0,completed
O00000572,C000033,2024-06-07 17:00:00,P00058,3,65.13,0.0,refunded
O00000573,C000033,2024-07-05 23:00:00,P00045,1,12.82,0.2,completed
O00000574,C000033,2024-07-21 08:00:00,P00062,1,32.33,0.0,completed
O00000575,C000033,2024-07-29 18:00:00,P00035,2,45.9,0.1,completed
O00000576,C000034,2025-04-29 19:00:00,P00059,1,13.42,0.0,refunded
O00000577,C000034,2025-06-10 04:00:00,P00024,3,59.64,0.0,completed
O00000578,C000034,2025-09-16 13:00:00,P00065,1,46.92,0.1,completed
O00000579,C000035,2024-04-13 14:00:00,P00065,2,104.26,0.0,completed
O00000580,C000035,2024-07-07 04:00:00,P00011,2,29.95,0.2,completed
O00000581,C000035,2025-03-09 10:00:00,P00001,2,36.58,0.0,completed
O00000582,C000035,2025-07-11 19:00:00,P00000,2,91.06,0.0,completed
O00000583,C000035,2025-08-11 16:00:00,P00021,2,16.36,0.1,completed
O00000584,C000035,2025-09-10 23:00:00,P00016,3,38.31,0.0,completed
O00000585,C000036,2024-03-03 08:00:00,P00031,3,14.79,0.0,completed
O00000586,C000036,2024-03-22 00:00:00,P00031,2,9.86,0.0,completed
O00000587,C000036,2024-04-13 02:00:00,P00076,3,171.48,0.1,completed
O00000588,C000036,2024-05-05 08:00:00,P00071,3,64.83,0.0,completed
O00000589,C000036,2024-05-17 13:00:00,P00004,1,14.8,0.2,completed
O00000590,C000036,2024-05-25 05:00:00,P00078,1,18.48,0.0,completed
O00000591,C000036,2024-08-16 14:00:00,P00069,1,158.19,0.1,completed
O00000592,C000036,2024-09-13 02:00:00,P00032,1,11.42,0.2,completed
O00000593,C000036,2024-09-22 07:00:00,P00039,1,16.66,0.2,completed
O00000594,C000036,2024-10-29 02:00:00,P00041,1,17.81,0.0,completed
O00000595,C000036,2024-12-02 03:00:00,P00071,1,17.29,0.2,completed
O00000596,C000036,2024-12-03 20:00:00,P00037,1,22.61,0.1,completed
O00000597,C000036,2025-01-01 12:00:00,P00068,1,36.93,0.0,refunded
O00000598,C000036,2025-02-05 06:00:00,P00063,3,69.55,0.1,refunded
O00000599,C000036,2025-03-08 19:00:00,P00040,1,12.35,0.0,completed
O00000600,C000036,2025-03-25 20:00:00,P00055,1,10.21,0.0,completed
O00000601,C000036,2025-04-04 10:00:00,P00064,3,32.45,0.1,completed
O00000602,C000036,2025-04-07 13:00:00,P00007,3,128.71,0.2,completed
O00000603,C000036,2025-05-15 15:00:00,P00016,3,30.65,0.2,completed
O00000604,C000036,2025-06-11 08:00:00,P00027,3,44.47,0.2,cancelled
O00000605,C000036,2025-06-22 04:00:00,P00017,2,8.95,0.1,completed
O00000606,C000036,2025-09-30 01:00:00,P00041,1,17.81,0.0,completed
O00000607,C000036,2025-10-27 04:00:00,P00023,1,28.14,0.1,completed
O00000608,C000038,2024-09-14 14:00:00,P00017,2,9.94,0.0,completed
O00000609,C000038,2024-10-08 18:00:00,P00077,2,77.92,0.1,completed
O00000610,C000038,2024-10-31 06:00:00,P00047,1,28.49,0.0,completed
O00000611,C000038,2024-11-04 15:00:00,P00046,1,50.48,0.0,completed
O00000612,C000038,2024-12-11 23:00:00,P00037,1,25.12,0.0,completed
O00000613,C000038,2025-01-13 22:00:00,P00072,1,3.63,0.2,completed
O00000614,C000039,2024-11-29 03:00:00,P00009,2,67.24,0.0,completed
O00000615,C000039,2025-01-06 12:00:00,P00034,2,47.38,0.1,completed
O00000616,C000039,2025-03-11 22:00:00,P00011,2,33.7,0.1,completed
O00000617,C000039,2025-04-14 12:00:00,P00061,2,30.51,0.1,completed
O00000618,C000039,2025-05-21 11:00:00,P00026,3,83.43,0.0,completed
O00000619,C000039,2025-08-09 21:00:00,P00027,1,14.82,0.2,completed
O00000620,C000039,2025-08-19 00:00:00,P00027,1,18.53,0.0,completed
O00000621,C000039,2025-08-30 00:00:00,P00025,3,82.02,0.0,completed
O00000622,C000039,2025-12-27 08:00:00,P00069,2,351.54,0.0,completed
O00000623,C000040,2024-08-06 18:00:00,P00077,3,116.88,0.1,completed
O00000624,C000040,2024-08-19 23:00:00,P00011,2,33.7,0.1,completed
O00000625,C000040,2024-10-14 07:00:00,P00055,1,8.17,0.2,completed
O00000626,C000040,2024-11-09 07:00:00,P00048,3,107.25,0.0,completed
O00000627,C000040,2024-11-30 10:00:00,P00011,3,50.54,0.1,completed
O00000628,C000040,2024-12-04 12:00:00,P00018,2,19.9,0.2,completed
O00000629,C000040,2024-12-19 21:00:00,P00047,1,28.49,0.0,completed
O00000630,C000040,2024-12-26 22:00:00,P00004,3,55.5,0.0,refunded
O00000631,C000040,2024-12-28 05:00:00,P00050,2,100.5,0.0,completed
O00000632,C000040,2025-01-23 13:00:00,P00021,2,16.36,0.1,completed
O00000633,C000040,2025-01-31 08:00:00,P00012,2,26.14,0.0,completed
O00000634,C000040,2025-02-15 07:00:00,P00024,2,39.76,0.0,completed
O00000635,C000041,2025-04-06 17:00:00,P00013,2,31.54,0.2,completed
O00000636,C000041,2025-04-22 10:00:00,P00025,2,43.74,0.2,completed
O00000637,C000041,2025-04-23 03:00:00,P00070,3,20.55,0.0,completed
O00000638,C000041,2025-06-24 23:00:00,P00047,2,56.98,0.0,completed
O00000639,C000041,2025-06-29 23:00:00,P00005,1,22.57,0.0,completed
O00000640,C000041,2025-07-03 06:00:00,P00041,2,35.62,0.0,completed
O00000641,C000041,2025-09-06 01:00:00,P00065,2,104.26,0.0,completed
O00000642,C000041,2025-10-24 12:00:00,P00054,1,7.3,0.2,completed
O00000643,C000042,2024-12-22 01:00:00,P00018,3,33.59,0.1,refunded
O00000644,C000042,2025-01-29 04:00:00,P00025,3,65.62,0.2,completed
O00000645,C000042,2025-01-30 16:00:00,P00066,3,22.29,0.0,completed
O00000646,C000042,2025-02-10 13:00:00,P00009,1,33.62,0.0,completed
O00000647,C000042,2025-02-14 12:00:00,P00040,1,12.35,0.0,completed
O00000648,C000042,2025-02-24 17:00:00,P00067,3,37.74,0.0,completed
O00000649,C000042,2025-05-12 01:00:00,P00048,2,71.5,0.0,refunded
O00000650,C000042,2025-06-23 00:00:00,P00012,1,10.46,0.2,completed
O00000651,C000042,2025-06-25 10:00:00,P00078,1,18.48,0.0,completed
O00000652,C000042,2025-07-22 06:00:00,P00010,1,13.98,0.2,completed
O00000653,C000042,2025-09-09 18:00:00,P00038,1,44.53,0.0,completed
O00000654,C000042,2025-09-16 04:00:00,P00008,1,14.24,0.0,refunded
O00000655,C000042,2025-10-25 21:00:00,P00017,1,4.97,0.0,completed
O00000656,C000042,2025-11-21 08:00:00,P00036,3,45.27,0.0,completed
O00000657,C000042,2025-11-21 21:00:00,P00028,1,14.97,0.0,completed
O00000658,C000042,2025-12-27 01:00:00,P00072,3,13.62,0.0,completed
O00000659,C000042,2026-01-07 08:00:00,P00032,3,42.84,0.0,refunded
O00000660,C000042,2026-01-07 19:00:00,P00005,3,54.17,0.2,completed
O00000661,C000042,2026-01-19 05:00:00,P00008,1,14.24,0.0,completed
O00000662,C000042,2026-02-03 21:00:00,P00079,3,116.49,0.0,completed
O00000663,C000042,2026-02-03 02:00:00,P00047,1,28.49,0.0,completed
O00000664,C000042,2026-03-07 05:00:00,P00070,3,20.55,0.0,completed
O00000665,C000042,2026-03-19 23:00:00,P00023,3,84.43,0.1,completed
O00000666,C000042,2026-03-26 04:00:00,P00039,2,41.64,0.0,completed
O00000667,C000042,2026-04-18 15:00:00,P00026,1,27.81,0.0,completed
O00000668,C000042,2026-04-20 21:00:00,P00055,1,10.21,0.0,completed
O00000669,C000042,2026-05-03 11:00:00,P00030,3,33.42,0.0,completed
O00000670,C000042,2026-05-05 10:00:00,P00010,2,27.95,0.2,completed
O00000671,C000042,2026-06-09 17:00:00,P00047,1,28.49,0.0,completed
O00000672,C000043,2024-05-14 19:00:00,P00027,2,33.35,0.1,completed
O00000673,C000043,2024-06-04 11:00:00,P00033,3,47.85,0.0,completed
O00000674,C000043,2024-07-05 01:00:00,P00044,1,37.5,0.0,completed
O00000675,C000043,2024-07-12 18:00:00,P00031,2,8.87,0.1,completed
O00000676,C000043,2024-07-20 20:00:00,P00050,1,45.22,0.1,completed
O00000677,C000043,2024-08-20 15:00:00,P00007,1,53.63,0.0,completed
O00000678,C000043,2024-08-31 10:00:00,P00071,1,21.61,0.0,completed
O00000679,C000043,2024-10-11 07:00:00,P00018,2,22.39,0.1,refunded
O00000680,C000043,2024-10-30 19:00:00,P00037,1,25.12,0.0,completed
O00000681,C000044,2025-04-08 15:00:00,P00052,3,36.42,0.0,completed
O00000682,C000044,2025-05-27 18:00:00,P00035,1,20.4,0.2,completed
O00000683,C000044,2025-06-28 07:00:00,P00006,2,57.74,0.1,completed
O00000684,C000044,2025-07-25 09:00:00,P00076,2,127.02,0.0,completed
O00000685,C000044,2025-08-14 04:00:00,P00072,1,4.09,0.1,completed
O00000686,C000044,2025-09-12 06:00:00,P00024,2,39.76,0.0,completed
O00000687,C000044,2025-09-16 04:00:00,P00006,1,25.66,0.2,completed
O00000688,C000044,2025-10-09 18:00:00,P00073,3,57.54,0.1,completed
O00000689,C000044,2025-12-03 12:00:00,P00018,3,37.32,0.0,completed
O00000690,C000044,2025-12-22 04:00:00,P00015,3,26.16,0.2,completed
O00000691,C000044,2026-01-02 06:00:00,P00050,3,135.68,0.1,completed
O00000692,C000044,2026-01-22 22:00:00,P00064,2,21.64,0.1,completed
O00000693,C000044,2026-02-03 18:00:00,P00001,3,49.38,0.1,completed
O00000694,C000044,2026-02-06 05:00:00,P00042,3,116.91,0.0,completed
O00000695,C000044,2026-03-28 08:00:00,P00041,2,35.62,0.0,completed
O00000696,C000044,2026-05-21 11:00:00,P00046,3,151.44,0.0,completed
O00000697,C000045,2025-04-24 17:00:00,P00017,3,11.93,0.2,completed
O00000698,C000045,2025-08-03 12:00:00,P00070,1,5.48,0.2,completed
O00000699,C000045,2025-08-04 01:00:00,P00045,3,48.06,0.0,completed
O00000700,C000045,2025-10-12 20:00:00,P00058,2,43.42,0.0,completed
O00000701,C000045,2026-01-08 05:00:00,P00013,2,39.42,0.0,completed
O00000702,C000045,2026-03-29 07:00:00,P00003,2,48.32,0.0,completed
O00000703,C000045,2026-05-21 01:00:00,P00061,3,40.68,0.2,completed
O00000704,C000046,2024-06-07 00:00:00,P00002,2,65.08,0.0,completed
O00000705,C000046,2024-06-12 03:00:00,P00003,1,24.16,0.0,completed
O00000706,C000046,2024-06-18 14:00:00,P00059,1,13.42,0.0,completed
O00000707,C000046,2024-07-13 09:00:00,P00029,1,21.47,0.2,completed
O00000708,C000046,2024-07-23 22:00:00,P00048,1,35.75,0.0,completed
O00000709,C000046,2024-08-03 17:00:00,P00013,1,19.71,0.0,cancelled
O00000710,C000046,2024-09-30 01:00:00,P00076,1,57.16,0.1,completed
O00000711,C000046,2025-01-04 05:00:00,P00001,2,36.58,0.0,completed
O00000712,C000046,2025-05-18 10:00:00,P00053,3,106.62,0.1,completed
O00000713,C000046,2025-08-03 16:00:00,P00028,1,14.97,0.0,completed
O00000714,C000047,2024-04-26 09:00:00,P00060,1,32.57,0.1,completed
O00000715,C000047,2024-05-18 17:00:00,P00046,2,90.86,0.1,completed
O00000716,C000047,2024-05-18 16:00:00,P00011,2,37.44,0.0,completed
O00000717,C000047,2024-06-02 15:00:00,P00022,3,63.29,0.1,completed
O00000718,C000047,2024-06-28 14:00:00,P00072,1,4.54,0.0,completed
O00000719,C000047,2024-07-12 10:00:00,P00078,3,49.9,0.1,completed
O00000720,C000047,2024-08-16 10:00:00,P00020,1,24.82,0.2,completed
O00000721,C000047,2024-08-18 03:00:00,P00023,1,28.14,0.1,completed
O00000722,C000047,2024-08-30 22:00:00,P00052,3,36.42,0.0,completed
O00000723,C000047,2024-08-30 15:00:00,P00026,2,44.5,0.2,completed
O00000724,C000047,2024-09-09 16:00:00,P00042,3,116.91,0.0,completed
O00000725,C000047,2024-09-09 09:00:00,P00010,3,52.41,0.0,completed
O00000726,C000047,2024-09-12 04:00:00,P00008,3,38.45,0.1,completed
O00000727,C000047,2024-10-06 05:00:00,P00058,2,43.42,0.0,cancelled
O00000728,C000047,2024-10-08 02:00:00,P00020,1,31.03,0.0,completed
O00000729,C000047,2024-10-26 05:00:00,P00047,3,68.38,0.2,completed
O00000730,C000047,2024-10-29 11:00:00,P00009,3,100.86,0.0,completed
O00000731,C000047,2024-11-05 17:00:00,P00021,1,7.27,0.2,completed
O00000732,C000047,2024-11-06 11:00:00,P00061,2,27.12,0.2,completed
O00000733,C000047,2024-11-11 12:00:00,P00025,2,54.68,0.0,completed
O00000734,C000047,2024-11-11 04:00:00,P00034,2,52.64,0.0,completed
O00000735,C000047,2024-11-16 22:00:00,P00016,2,25.54,0.0,completed
O00000736,C000047,2024-11-19 05:00:00,P00068,2,73.86,0.0,completed
O00000737,C000047,2024-11-19 05:00:00,P00015,2,21.8,0.0,completed
O00000738,C000047,2024-12-08 23:00:00,P00064,1,12.02,0.0,completed
O00000739,C000047,2024-12-09 16:00:00,P00020,2,62.06,0.0,completed
O00000740,C000047,2024-12-14 02:00:00,P00074,2,29.9,0.0,completed
O00000741,C000047,2024-12-14 17:00:00,P00070,3,18.49,0.1,completed
O00000742,C000047,2024-12-22 23:00:00,P00057,2,89.68,0.2,completed
O00000743,C000047,2024-12-23 19:00:00,P00001,3,54.87,0.0,completed
O00000744,C000047,2024-12-24 03:00:00,P00047,2,45.58,0.2,completed
O00000745,C000047,2025-01-09 23:00:00,P00010,1,17.47,0.0,completed
O00000746,C000047,2025-01-12 16:00:00,P00034,3,63.17,0.2,completed
O00000747,C000047,2025-01-15 22:00:00,P00010,2,34.94,0.0,completed
O00000748,C000047,2025-01-20 14:00:00,P00016,2,22.99,0.1,completed
O00000749,C000047,2025-01-24 12:00:00,P00050,2,100.5,0.0,completed
O00000750,C000047,2025-02-09 00:00:00,P00079,3,116.49,0.0,completed
O00000751,C000047,2025-02-12 23:00:00,P00070,1,6.85,0.0,completed
O00000752,C000047,2025-02-13 14:00:00,P00009,2,67.24,0.0,cancelled
O00000753,C000047,2025-02-23 21:00:00,P00023,2,56.29,0.1,completed
O00000754,C000047,2025-03-20 12:00:00,P00065,3,156.39,0.0,completed
O00000755,C000047,2025-03-24 01:00:00,P00032,2,28.56,0.0,completed
O00000756,C000047,2025-04-06 20:00:00,P00077,2,69.26,0.2,completed
O00000757,C000047,2025-04-22 19:00:00,P00013,2,35.48,0.1,completed
O00000758,C000047,2025-05-24 12:00:00,P00056,2,44.1,0.0,completed
O00000759,C000047,2025-06-02 11:00:00,P00017,1,4.97,0.0,completed
O00000760,C000047,2025-06-16 10:00:00,P00033,1,15.95,0.0,refunded
O00000761,C000047,2025-07-17 13:00:00,P00037,1,20.1,0.2,completed
O00000762,C000047,2025-07-24 06:00:00,P00064,3,36.06,0.0,completed
O00000763,C000047,2025-07-28 12:00:00,P00070,3,16.44,0.2,completed
O00000764,C000047,2025-07-29 00:00:00,P00002,2,65.08,0.0,completed
O00000765,C000047,2025-08-17 05:00:00,P00064,2,24.04,0.0,completed
O00000766,C000047,2025-08-21 08:00:00,P00065,1,52.13,0.0,completed
O00000767,C000047,2025-09-08 08:00:00,P00048,3,107.25,0.0,completed
O00000768,C000047,2025-10-08 08:00:00,P00026,2,55.62,0.0,completed
O00000769,C000047,2025-10-20 07:00:00,P00044,3,112.5,0.0,completed
O00000770,C000047,2025-10-20 16:00:00,P00066,3,22.29,0.0,refunded
O00000771,C000047,2025-10-24 16:00:00,P00051,1,42.3,0.0,completed
O00000772,C000047,2025-11-03 08:00:00,P00021,3,24.54,0.1,completed
O00000773,C000047,2026-01-02 00:00:00,P00032,1,14.28,0.0,completed
O00000774,C000047,2026-01-09 00:00:00,P00075,1,19.4,0.2,completed
O00000775,C000047,2026-01-23 11:00:00,P00030,2,20.05,0.1,completed
O00000776,C000047,2026-02-17 11:00:00,P00021,1,9.09,0.0,refunded
O00000777,C000047,2026-03-14 20:00:00,P00044,2,60.0,0.2,completed
O00000778,C000047,2026-03-14 12:00:00,P00065,1,41.7,0.2,completed
O00000779,C000047,2026-03-19 00:00:00,P00004,1,18.5,0.0,completed
O00000780,C000047,2026-03-24 13:00:00,P00065,2,83.41,0.2,completed
O00000781,C000047,2026-03-25 18:00:00,P00072,1,4.54,0.0,completed
O00000782,C000047,2026-03-27 03:00:00,P00056,2,44.1,0.0,completed
O00000783,C000047,2026-04-04 06:00:00,P00046,3,121.15,0.2,completed
O00000784,C000047,2026-04-09 11:00:00,P00074,3,44.85,0.0,completed
O00000785,C000047,2026-04-25 14:00:00,P00045,3,48.06,0.0,completed
O00000786,C000047,2026-05-02 01:00:00,P00023,3,93.81,0.0,completed
O00000787,C000047,2026-05-06 10:00:00,P00033,3,47.85,0.0,completed
O00000788,C000047,2026-05-14 14:00:00,P00077,1,43.29,0.0,completed
O00000789,C000047,2026-05-15 14:00:00,P00069,1,158.19,0.1,completed
O00000790,C000047,2026-05-15 14:00:00,P00036,1,12.07,0.2,refunded
O00000791,C000048,2025-07-09 17:00:00,P00046,1,40.38,0.2,completed
O00000792,C000049,2024-02-23 23:00:00,P00000,1,36.42,0.2,completed
O00000793,C000049,2024-03-12 04:00:00,P00039,2,37.48,0.1,completed
O00000794,C000049,2024-04-01 03:00:00,P00023,1,28.14,0.1,completed
O00000795,C000049,2024-04-11 11:00:00,P00074,2,29.9,0.0,completed
O00000796,C000049,2024-04-12 17:00:00,P00027,3,55.59,0.0,completed
O00000797,C000049,2024-04-18 09:00:00,P00011,1,18.72,0.0,completed
O00000798,C000049,2024-04-21 16:00:00,P00037,2,40.19,0.2,completed
O00000799,C000049,2024-05-18 06:00:00,P00000,3,136.59,0.0,completed
O00000800,C000049,2024-05-20 06:00:00,P00001,3,54.87,0.0,completed
O00000801,C000049,2024-05-25 17:00:00,P00044,2,60.0,0.2,completed
O00000802,C000049,2024-05-31 03:00:00,P00079,2,77.66,0.0,completed
O00000803,C000049,2024-07-01 10:00:00,P00014,3,30.72,0.0,completed
O00000804,C000049,2024-07-03 01:00:00,P00044,3,112.5,0.0,completed
O00000805,C000049,2024-07-15 12:00:00,P00021,1,7.27,0.2,completed
O00000806,C000049,2024-07-17 11:00:00,P00059,1,10.74,0.2,completed
O00000807,C000049,2024-07-19 03:00:00,P00037,1,25.12,0.0,cancelled
O00000808,C000049,2024-07-29 04:00:00,P00046,2,100.96,0.0,completed
O00000809,C000049,2024-08-02 21:00:00,P00015,3,32.7,0.0,completed
O00000810,C000049,2024-08-10 09:00:00,P00064,3,36.06,0.0,completed
O00000811,C000049,2024-08-20 01:00:00,P00008,2,28.48,0.0,completed
O00000812,C000049,2024-08-21 08:00:00,P00028,3,44.91,0.0,completed
O00000813,C000049,2024-08-31 19:00:00,P00003,1,19.33,0.2,completed
O00000814,C000049,2024-09-06 09:00:00,P00062,2,64.66,0.0,completed
O00000815,C000049,2024-09-20 03:00:00,P00038,2,80.15,0.1,completed
O00000816,C000049,2024-09-30 18:00:00,P00078,1,16.63,0.1,completed
O00000817,C000049,2024-10-15 16:00:00,P00073,3,63.93,0.0,completed
O00000818,C000049,2024-11-01 18:00:00,P00039,2,41.64,0.0,completed
O00000819,C000049,2024-12-01 01:00:00,P00057,1,56.05,0.0,completed
O00000820,C000049,2024-12-06 19:00:00,P00057,3,168.15,0.0,completed
O00000821,C000049,2024-12-19 00:00:00,P00047,2,56.98,0.0,completed
O00000822,C000049,2024-12-27 01:00:00,P00070,2,12.33,0.1,completed
O00000823,C000049,2025-02-25 04:00:00,P00007,1,48.27,0.1,completed
O00000824,C000050,2024-03-27 17:00:00,P00040,2,24.7,0.0,completed
O00000825,C000051,2024-01-19 11:00:00,P00040,3,29.64,0.2,completed
O00000826,C000051,2024-01-23 09:00:00,P00036,2,30.18,0.0,completed
O00000827,C000051,2024-02-07 16:00:00,P00012,3,31.37,0.2,completed
O00000828,C000052,2025-01-28 21:00:00,P00050,1,40.2,0.2,completed
O00000829,C000052,2025-02-21 09:00:00,P00060,2,72.38,0.0,completed
O00000830,C000052,2025-02-22 15:00:00,P00019,3,45.9,0.1,completed
O00000831,C000052,2025-04-01 13:00:00,P00046,3,151.44,0.0,completed
O00000832,C000052,2025-04-21 11:00:00,P00011,3,56.16,0.0,completed
O00000833,C000052,2025-05-25 04:00:00,P00036,2,27.16,0.1,completed
O00000834,C000052,2025-07-09 12:00:00,P00077,2,86.58,0.0,completed
O00000835,C000052,2025-07-24 05:00:00,P00064,1,9.62,0.2,completed
O00000836,C000052,2025-08-21 19:00:00,P00008,1,14.24,0.0,completed
O00000837,C000052,2025-10-05 09:00:00,P00063,2,41.22,0.2,completed
O00000838,C000052,2025-11-08 05:00:00,P00052,3,36.42,0.0,completed
O00000839,C000052,2025-12-06 06:00:00,P00047,3,85.47,0.0,completed
O00000840,C000052,2026-01-03 08:00:00,P00078,1,18.48,0.0,completed
O00000841,C000052,2026-01-12 08:00:00,P00000,1,45.53,0.0,completed
O00000842,C000052,2026-02-03 13:00:00,P00013,3,53.22,0.1,completed
O00000843,C000052,2026-02-20 21:00:00,P00079,3,116.49,0.0,completed
O00000844,C000052,2026-04-08 05:00:00,P00038,1,44.53,0.0,completed
O00000845,C000052,2026-06-12 15:00:00,P00072,3,13.62,0.0,completed
O00000846,C000053,2024-11-08 01:00:00,P00024,2,39.76,0.0,completed
O00000847,C000053,2025-01-03 17:00:00,P00048,1,35.75,0.0,completed
O00000848,C000053,2025-03-02 02:00:00,P00070,2,13.7,0.0,completed
O00000849,C000053,2025-03-12 02:00:00,P00075,2,48.5,0.0,completed
O00000850,C000053,2025-05-16 23:00:00,P00015,1,10.9,0.0,completed
O00000851,C000053,2025-06-16 11:00:00,P00048,2,71.5,0.0,completed
O00000852,C000053,2025-07-02 11:00:00,P00029,2,53.68,0.0,completed
O00000853,C000053,2025-08-19 00:00:00,P00024,3,53.68,0.1,completed
O00000854,C000053,2025-09-18 13:00:00,P00077,3,129.87,0.0,completed
O00000855,C000053,2025-09-30 15:00:00,P00056,3,66.15,0.0,refunded
O00000856,C000053,2025-10-21 15:00:00,P00000,2,91.06,0.0,refunded
O00000857,C000053,2025-11-10 23:00:00,P00061,3,40.68,0.2,completed
O00000858,C000053,2025-12-02 22:00:00,P00050,2,100.5,0.0,completed
O00000859,C000053,2025-12-21 23:00:00,P00070,1,6.85,0.0,completed
O00000860,C000053,2026-01-10 03:00:00,P00072,3,12.26,0.1,completed
O00000861,C000053,2026-01-11 08:00:00,P00049,3,133.26,0.0,completed
O00000862,C000053,2026-01-22 11:00:00,P00014,1,9.22,0.1,completed
O00000863,C000053,2026-01-23 11:00:00,P00024,1,19.88,0.0,completed
O00000864,C000053,2026-04-19 10:00:00,P00032,1,14.28,0.0,completed
O00000865,C000053,2026-04-30 12:00:00,P00047,3,85.47,0.0,refunded
O00000866,C000053,2026-06-20 20:00:00,P00061,1,16.95,0.0,completed
O00000867,C000054,2025-02-06 09:00:00,P00047,1,28.49,0.0,completed
O00000868,C000055,2025-03-05 20:00:00,P00008,3,42.72,0.0,completed
O00000869,C000055,2025-03-12 20:00:00,P00041,3,42.74,0.2,completed
O00000870,C000055,2025-03-27 20:00:00,P00011,2,37.44,0.0,completed
O00000871,C000055,2025-05-10 12:00:00,P00008,1,12.82,0.1,completed
O00000872,C000055,2025-06-14 09:00:00,P00045,1,16.02,0.0,completed
O00000873,C000055,2025-06-28 07:00:00,P00017,1,4.97,0.0,completed
O00000874,C000055,2025-07-16 20:00:00,P00019,2,27.2,0.2,completed
O00000875,C000055,2025-08-09 23:00:00,P00029,1,26.84,0.0,completed
O00000876,C000055,2025-08-22 01:00:00,P00021,3,21.82,0.2,completed
O00000877,C000055,2025-09-03 16:00:00,P00079,2,77.66,0.0,completed
O00000878,C000055,2025-10-07 12:00:00,P00031,3,14.79,0.0,completed
O00000879,C000055,2025-11-22 22:00:00,P00045,3,38.45,0.2,completed
O00000880,C000055,2025-11-25 09:00:00,P00070,3,20.55,0.0,completed
O00000881,C000055,2025-12-25 15:00:00,P00032,2,22.85,0.2,completed
O00000882,C000056,2024-09-11 21:00:00,P00050,2,90.45,0.1,refunded
O00000883,C000057,2024-09-17 22:00:00,P00016,2,25.54,0.0,completed
O00000884,C000057,2024-10-07 13:00:00,P00062,3,96.99,0.0,completed
O00000885,C000057,2024-10-27 12:00:00,P00025,3,65.62,0.2,completed
O00000886,C000057,2024-12-13 00:00:00,P00042,2,62.35,0.2,completed
O00000887,C000057,2025-02-07 10:00:00,P00069,2,351.54,0.0,completed
O00000888,C000057,2025-04-17 20:00:00,P00072,1,4.54,0.0,completed
O00000889,C000057,2025-05-15 11:00:00,P00073,2,42.62,0.0,completed
O00000890,C000057,2025-05-15 18:00:00,P00048,2,71.5,0.0,completed
O00000891,C000057,2025-06-24 17:00:00,P00007,3,160.89,0.0,completed
O00000892,C000057,2025-06-26 06:00:00,P00065,1,52.13,0.0,completed
O00000893,C000057,2025-07-17 07:00:00,P00019,1,17.0,0.0,completed
O00000894,C000057,2025-08-03 01:00:00,P00058,3,58.62,0.1,completed
O00000895,C000057,2025-11-29 20:00:00,P00065,1,52.13,0.0,completed
O00000896,C000057,2026-02-07 10:00:00,P00006,2,64.16,0.0,cancelled
O00000897,C000057,2026-02-11 09:00:00,P00043,2,17.24,0.0,completed
O00000898,C000057,2026-02-26 01:00:00,P00032,2,28.56,0.0,completed
O00000899,C000057,2026-04-12 19:00:00,P00076,2,114.32,0.1,completed
O00000900,C000057,2026-04-17 06:00:00,P00040,1,12.35,0.0,completed
O00000901,C000057,2026-05-18 05:00:00,P00049,3,133.26,0.0,completed
O00000902,C000058,2024-02-25 01:00:00,P00046,3,151.44,0.0,completed
O00000903,C000058,2024-02-28 23:00:00,P00076,2,127.02,0.0,completed
O00000904,C000058,2024-05-18 22:00:00,P00022,2,37.5,0.2,completed
O00000905,C000058,2024-06-15 05:00:00,P00013,1,15.77,0.2,completed
O00000906,C000058,2024-07-03 00:00:00,P00005,2,40.63,0.1,completed
O00000907,C000058,2024-08-03 09:00:00,P00051,2,76.14,0.1,completed
O00000908,C000058,2024-08-04 21:00:00,P00001,3,43.9,0.2,completed
O00000909,C000058,2024-09-02 11:00:00,P00028,3,44.91,0.0,completed
O00000910,C000058,2024-09-08 16:00:00,P00039,1,20.82,0.0,completed
O00000911,C000058,2024-09-15 10:00:00,P00052,1,10.93,0.1,completed
O00000912,C000058,2024-12-09 16:00:00,P00013,1,19.71,0.0,completed
O00000913,C000058,2025-01-09 01:00:00,P00033,2,31.9,0.0,completed
O00000914,C000058,2025-03-08 01:00:00,P00037,2,45.22,0.1,completed
O00000915,C000058,2025-04-18 20:00:00,P00072,1,4.54,0.0,completed
O00000916,C000058,2025-05-01 16:00:00,P00030,2,17.82,0.2,completed
O00000917,C000058,2025-05-26 12:00:00,P00070,2,13.7,0.0,completed
O00000918,C000058,2025-08-20 09:00:00,P00003,2,48.32,0.0,completed
O00000919,C000058,2025-09-15 16:00:00,P00017,2,8.95,0.1,completed
O00000920,C000058,2025-09-18 14:00:00,P00041,2,35.62,0.0,completed
O00000921,C000058,2025-11-01 11:00:00,P00078,3,49.9,0.1,completed
O00000922,C000058,2025-11-03 05:00:00,P00058,2,43.42,0.0,completed
O00000923,C000058,2025-11-11 23:00:00,P00052,2,24.28,0.0,completed
O00000924,C000058,2025-11-20 06:00:00,P00003,3,72.48,0.0,completed
O00000925,C000058,2025-12-03 06:00:00,P00035,2,51.0,0.0,completed
O00000926,C000058,2025-12-03 04:00:00,P00070,2,13.7,0.0,completed
O00000927,C000058,2025-12-20 11:00:00,P00011,1,16.85,0.1,completed
O00000928,C000058,2025-12-27 13:00:00,P00042,1,31.18,0.2,completed
O00000929,C000058,2026-01-04 11:00:00,P00050,3,150.75,0.0,completed
O00000930,C000058,2026-02-20 06:00:00,P00017,3,14.91,0.0,cancelled
O00000931,C000058,2026-03-10 10:00:00,P00037,2,50.24,0.0,completed
O00000932,C000058,2026-03-15 03:00:00,P00028,3,44.91,0.0,completed
O00000933,C000059,2024-02-27 13:00:00,P00063,1,20.61,0.2,completed
O00000934,C000059,2024-05-06 00:00:00,P00075,1,24.25,0.0,completed
O00000935,C000059,2024-06-24 08:00:00,P00024,2,39.76,0.0,completed
O00000936,C000059,2024-08-07 22:00:00,P00003,3,72.48,0.0,completed
O00000937,C000059,2024-09-30 17:00:00,P00047,2,56.98,0.0,cancelled
O00000938,C000059,2024-10-31 00:00:00,P00036,2,30.18,0.0,completed
O00000939,C000059,2024-11-11 16:00:00,P00052,1,12.14,0.0,completed
O00000940,C000059,2024-11-13 07:00:00,P00040,1,12.35,0.0,completed
O00000941,C000059,2024-11-25 05:00:00,P00065,3,140.75,0.1,completed
O00000942,C000059,2025-01-08 02:00:00,P00028,3,44.91,0.0,completed
O00000943,C000059,2025-02-18 15:00:00,P00054,3,21.91,0.2,completed
O00000944,C000059,2025-03-09 16:00:00,P00017,1,3.98,0.2,completed
O00000945,C000059,2025-03-23 11:00:00,P00043,3,25.86,0.0,completed
O00000946,C000059,2025-04-12 04:00:00,P00027,3,55.59,0.0,completed
O00000947,C000059,2025-04-20 21:00:00,P00008,1,14.24,0.0,completed
O00000948,C000059,2025-05-07 21:00:00,P00030,3,33.42,0.0,completed
O00000949,C000059,2025-06-25 23:00:00,P00020,3,83.78,0.1,completed
O00000950,C000060,2024-11-09 21:00:00,P00054,2,16.43,0.1,completed
O00000951,C000060,2024-11-30 20:00:00,P00036,2,27.16,0.1,completed
O00000952,C000060,2024-12-04 09:00:00,P00034,2,52.64,0.0,completed
O00000953,C000060,2024-12-06 13:00:00,P00015,1,10.9,0.0,completed
O00000954,C000060,2025-01-06 20:00:00,P00048,1,28.6,0.2,completed
O00000955,C000060,2025-01-18 09:00:00,P00034,3,78.96,0.0,completed
O00000956,C000060,2025-03-03 04:00:00,P00057,3,168.15,0.0,completed
O00000957,C000060,2025-03-09 14:00:00,P00054,3,24.65,0.1,completed
O00000958,C000060,2025-04-16 19:00:00,P00019,2,34.0,0.0,completed
O00000959,C000060,2025-06-03 20:00:00,P00069,3,527.31,0.0,completed
O00000960,C000060,2025-08-18 22:00:00,P00071,3,58.35,0.1,refunded
O00000961,C000060,2025-08-20 15:00:00,P00051,3,126.9,0.0,completed
O00000962,C000060,2025-10-29 05:00:00,P00049,2,71.07,0.2,completed
O00000963,C000060,2025-11-11 21:00:00,P00046,3,151.44,0.0,completed
O00000964,C000060,2025-11-28 15:00:00,P00057,3,168.15,0.0,completed
O00000965,C000060,2025-12-21 02:00:00,P00036,1,13.58,0.1,completed
O00000966,C000060,2026-01-24 03:00:00,P00013,3,53.22,0.1,completed
O00000967,C000060,2026-01-30 02:00:00,P00044,1,37.5,0.0,completed
O00000968,C000060,2026-02-02 19:00:00,P00006,2,64.16,0.0,completed
O00000969,C000060,2026-02-06 02:00:00,P00065,1,52.13,0.0,completed
O00000970,C000060,2026-02-15 22:00:00,P00069,3,527.31,0.0,completed
O00000971,C000060,2026-03-11 15:00:00,P00024,1,15.9,0.2,completed
O00000972,C000060,2026-03-13 19:00:00,P00023,2,62.54,0.0,completed
O00000973,C000060,2026-03-15 08:00:00,P00058,3,58.62,0.1,completed
O00000974,C000060,2026-03-18 20:00:00,P00044,2,75.0,0.0,completed
O00000975,C000060,2026-05-10 01:00:00,P00057,1,50.44,0.1,completed
O00000976,C000060,2026-06-07 13:00:00,P00028,3,40.42,0.1,completed
O00000977,C000060,2026-06-17 19:00:00,P00057,1,56.05,0.0,completed
O00000978,C000061,2024-08-18 01:00:00,P00000,2,91.06,0.0,completed
O00000979,C000061,2024-10-21 19:00:00,P00067,3,30.19,0.2,completed
O00000980,C000061,2024-12-23 21:00:00,P00032,2,28.56,0.0,completed
O00000981,C000061,2025-02-15 00:00:00,P00014,3,30.72,0.0,completed
O00000982,C000061,2025-04-10 02:00:00,P00064,1,10.82,0.1,completed
O00000983,C000061,2025-05-15 14:00:00,P00011,2,37.44,0.0,completed
O00000984,C000061,2025-06-27 23:00:00,P00010,2,34.94,0.0,completed
O00000985,C000061,2025-08-12 15:00:00,P00032,1,14.28,0.0,completed
O00000986,C000061,2026-02-28 02:00:00,P00056,2,44.1,0.0,completed
O00000987,C000061,2026-03-31 15:00:00,P00075,2,43.65,0.1,completed
O00000988,C000061,2026-04-04 18:00:00,P00074,2,29.9,0.0,completed
O00000989,C000061,2026-04-12 14:00:00,P00070,2,10.96,0.2,completed
O00000990,C000061,2026-05-26 00:00:00,P00066,3,22.29,0.0,completed
O00000991,C000062,2025-01-03 05:00:00,P00019,1,17.0,0.0,completed
O00000992,C000062,2025-03-05 19:00:00,P00035,1,25.5,0.0,completed
O00000993,C000063,2025-02-20 13:00:00,P00063,3,61.82,0.2,completed
O00000994,C000063,2025-04-28 04:00:00,P00031,3,14.79,0.0,completed
O00000995,C000063,2025-05-25 02:00:00,P00044,2,60.0,0.2,refunded
O00000996,C000063,2025-06-11 17:00:00,P00044,1,37.5,0.0,completed
O00000997,C000063,2025-06-11 04:00:00,P00040,3,37.05,0.0,completed
O00000998,C000064,2024-11-09 06:00:00,P00074,3,44.85,0.0,completed
O00000999,C000064,2024-11-21 03:00:00,P00002,1,32.54,0.0,completed
O00001000,C000064,2024-12-03 06:00:00,P00047,2,56.98,0.0,completed
O00001001,C000064,2024-12-07 16:00:00,P00011,3,56.16,0.0,completed
O00001002,C000064,2024-12-18 04:00:00,P00017,2,8.95,0.1,completed
O00001003,C000064,2025-03-23 13:00:00,P00018,3,37.32,0.0,completed
O00001004,C000064,2025-04-12 10:00:00,P00079,3,116.49,0.0,completed
O00001005,C000064,2025-05-01 04:00:00,P00003,2,48.32,0.0,completed
O00001006,C000064,2025-05-30 21:00:00,P00019,2,34.0,0.0,completed
O00001007,C000064,2025-06-07 13:00:00,P00025,3,82.02,0.0,completed
O00001008,C000064,2025-06-13 00:00:00,P00014,3,27.65,0.1,completed
O00001009,C000064,2025-06-18 05:00:00,P00024,2,39.76,0.0,completed
O00001010,C000064,2025-06-22 03:00:00,P00043,3,20.69,0.2,completed
O00001011,C000064,2025-07-09 09:00:00,P00062,1,29.1,0.1,completed
O00001012,C000064,2025-07-31 08:00:00,P00047,3,76.92,0.1,completed
O00001013,C000064,2025-08-26 18:00:00,P00022,3,70.32,0.0,completed
O00001014,C000064,2025-08-28 10:00:00,P00060,2,72.38,0.0,completed
O00001015,C000064,2025-09-23 16:00:00,P00070,3,18.49,0.1,completed
O00001016,C000064,2025-10-07 04:00:00,P00011,2,37.44,0.0,completed
O00001017,C000064,2025-11-08 02:00:00,P00020,2,49.65,0.2,completed
O00001018,C000064,2026-01-22 11:00:00,P00012,1,13.07,0.0,completed
O00001019,C000064,2026-01-22 22:00:00,P00031,2,7.89,0.2,completed
O00001020,C000064,2026-02-04 09:00:00,P00032,1,14.28,0.0,completed
O00001021,C000064,2026-02-11 08:00:00,P00016,2,25.54,0.0,completed
O00001022,C000064,2026-03-27 22:00:00,P00034,1,23.69,0.1,completed
O00001023,C000064,2026-03-28 22:00:00,P00055,2,20.42,0.0,completed
O00001024,C000064,2026-05-08 00:00:00,P00062,1,32.33,0.0,completed
O00001025,C000064,2026-05-22 00:00:00,P00016,1,12.77,0.0,completed
O00001026,C000064,2026-06-02 21:00:00,P00051,1,42.3,0.0,completed
O00001027,C000064,2026-06-02 13:00:00,P00024,2,39.76,0.0,cancelled
O00001028,C000064,2026-06-08 17:00:00,P00012,1,10.46,0.2,completed
O00001029,C000065,2024-09-12 08:00:00,P00037,3,67.82,0.1,completed
O00001030,C000065,2024-09-28 17:00:00,P00074,1,14.95,0.0,completed
O00001031,C000065,2024-10-19 14:00:00,P00032,2,28.56,0.0,completed
O00001032,C000065,2024-11-20 09:00:00,P00060,3,108.57,0.0,completed
O00001033,C000065,2024-11-21 10:00:00,P00073,1,19.18,0.1,completed
O00001034,C000065,2024-11-24 07:00:00,P00021,3,21.82,0.2,completed
O00001035,C000065,2024-12-05 09:00:00,P00004,3,55.5,0.0,completed
O00001036,C000065,2024-12-22 21:00:00,P00072,3,13.62,0.0,completed
O00001037,C000065,2024-12-29 11:00:00,P00059,2,24.16,0.1,completed
O00001038,C000065,2025-01-03 12:00:00,P00006,2,64.16,0.0,completed
O00001039,C000065,2025-01-18 04:00:00,P00044,2,75.0,0.0,completed
O00001040,C000065,2025-01-25 01:00:00,P00009,3,80.69,0.2,completed
O00001041,C000065,2025-02-12 03:00:00,P00012,2,26.14,0.0,completed
O00001042,C000065,2025-02-23 21:00:00,P00051,3,126.9,0.0,refunded
O00001043,C000065,2025-03-01 16:00:00,P00068,2,59.09,0.2,completed
O00001044,C000065,2025-03-17 04:00:00,P00039,3,62.46,0.0,completed
O00001045,C000065,2025-03-22 07:00:00,P00012,2,26.14,0.0,completed
O00001046,C000065,2025-03-29 13:00:00,P00026,1,27.81,0.0,refunded
O00001047,C000065,2025-04-07 00:00:00,P00077,1,38.96,0.1,completed
O00001048,C000065,2025-04-10 10:00:00,P00037,2,50.24,0.0,completed
O00001049,C000065,2025-04-11 14:00:00,P00073,2,42.62,0.0,completed
O00001050,C000065,2025-04-18 02:00:00,P00038,3,120.23,0.1,completed
O00001051,C000065,2025-04-22 09:00:00,P00035,1,25.5,0.0,refunded
O00001052,C000065,2025-04-23 23:00:00,P00055,1,8.17,0.2,completed
O00001053,C000065,2025-05-02 04:00:00,P00019,3,45.9,0.1,completed
O00001054,C000065,2025-05-08 06:00:00,P00016,1,12.77,0.0,completed
O00001055,C000065,2025-05-23 21:00:00,P00016,3,38.31,0.0,completed
O00001056,C000065,2025-05-24 15:00:00,P00058,2,43.42,0.0,completed
O00001057,C000065,2025-05-26 16:00:00,P00046,3,121.15,0.2,completed
O00001058,C000065,2025-06-10 00:00:00,P00048,1,35.75,0.0,refunded
O00001059,C000065,2025-06-18 23:00:00,P00059,3,40.26,0.0,completed
O00001060,C000065,2025-06-21 23:00:00,P00000,1,40.98,0.1,completed
O00001061,C000065,2025-08-06 23:00:00,P00053,1,31.59,0.2,completed
O00001062,C000065,2025-08-26 18:00:00,P00040,1,12.35,0.0,completed
O00001063,C000065,2025-09-11 00:00:00,P00007,1,53.63,0.0,completed
O00001064,C000065,2025-09-27 23:00:00,P00006,2,64.16,0.0,completed
O00001065,C000065,2025-09-30 21:00:00,P00074,2,29.9,0.0,completed
O00001066,C000065,2025-11-11 01:00:00,P00039,2,37.48,0.1,completed
O00001067,C000065,2025-11-24 13:00:00,P00011,2,37.44,0.0,completed
O00001068,C000065,2025-12-10 01:00:00,P00023,2,56.29,0.1,completed
O00001069,C000065,2025-12-14 07:00:00,P00019,2,34.0,0.0,completed
O00001070,C000065,2026-01-04 16:00:00,P00041,3,53.43,0.0,completed
O00001071,C000065,2026-01-04 23:00:00,P00051,1,42.3,0.0,completed
O00001072,C000065,2026-01-11 19:00:00,P00031,2,7.89,0.2,completed
O00001073,C000065,2026-02-05 23:00:00,P00074,2,26.91,0.1,completed
O00001074,C000065,2026-02-09 20:00:00,P00033,3,47.85,0.0,completed
O00001075,C000065,2026-03-05 12:00:00,P00048,3,107.25,0.0,completed
O00001076,C000065,2026-03-08 18:00:00,P00029,3,72.47,0.1,completed
O00001077,C000065,2026-04-07 08:00:00,P00021,1,7.27,0.2,completed
O00001078,C000065,2026-04-09 23:00:00,P00062,1,32.33,0.0,completed
O00001079,C000065,2026-04-28 07:00:00,P00037,3,60.29,0.2,completed
O00001080,C000065,2026-05-01 08:00:00,P00031,2,9.86,0.0,completed
O00001081,C000065,2026-05-19 12:00:00,P00042,2,77.94,0.0,completed
O00001082,C000065,2026-06-02 19:00:00,P00036,1,12.07,0.2,completed
O00001083,C000065,2026-06-16 13:00:00,P00068,3,110.79,0.0,completed
O00001084,C000066,2024-09-24 20:00:00,P00043,2,15.52,0.1,completed
O00001085,C000066,2024-10-09 15:00:00,P00032,1,14.28,0.0,completed
O00001086,C000066,2024-10-28 00:00:00,P00024,1,19.88,0.0,completed
O00001087,C000066,2024-11-12 15:00:00,P00075,2,38.8,0.2,completed
O00001088,C000066,2024-12-02 11:00:00,P00035,1,25.5,0.0,completed
O00001089,C000066,2024-12-07 19:00:00,P00073,1,21.31,0.0,refunded
O00001090,C000066,2024-12-12 08:00:00,P00009,3,100.86,0.0,completed
O00001091,C000066,2024-12-17 05:00:00,P00009,3,80.69,0.2,refunded
O00001092,C000066,2025-01-05 08:00:00,P00003,3,57.98,0.2,completed
O00001093,C000066,2025-01-12 21:00:00,P00037,2,50.24,0.0,completed
O00001094,C000066,2025-01-19 01:00:00,P00046,2,80.77,0.2,completed
O00001095,C000066,2025-01-23 14:00:00,P00017,3,14.91,0.0,completed
O00001096,C000066,2025-01-30 22:00:00,P00012,3,31.37,0.2,completed
O00001097,C000066,2025-02-14 06:00:00,P00021,1,7.27,0.2,refunded
O00001098,C000066,2025-02-20 19:00:00,P00077,2,86.58,0.0,completed
O00001099,C000066,2025-03-10 10:00:00,P00048,3,107.25,0.0,completed
O00001100,C000066,2025-03-27 00:00:00,P00048,2,64.35,0.1,completed
O00001101,C000066,2025-04-10 12:00:00,P00001,1,18.29,0.0,completed
O00001102,C000066,2025-04-22 09:00:00,P00075,1,21.82,0.1,completed
O00001103,C000066,2025-04-25 00:00:00,P00067,1,12.58,0.0,completed
O00001104,C000066,2025-04-29 02:00:00,P00036,2,27.16,0.1,completed
O00001105,C000066,2025-05-02 07:00:00,P00042,3,116.91,0.0,completed
O00001106,C000066,2025-05-02 11:00:00,P00010,3,47.17,0.1,completed
O00001107,C000066,2025-05-07 04:00:00,P00062,3,77.59,0.2,completed
O00001108,C000066,2025-05-23 05:00:00,P00045,1,16.02,0.0,completed
O00001109,C000066,2025-05-25 13:00:00,P00012,1,13.07,0.0,completed
O00001110,C000066,2025-05-27 01:00:00,P00057,3,168.15,0.0,completed
O00001111,C000066,2025-05-31 21:00:00,P00057,3,134.52,0.2,completed
O00001112,C000066,2025-06-25 20:00:00,P00056,2,44.1,0.0,completed
O00001113,C000066,2025-07-03 22:00:00,P00078,1,18.48,0.0,completed
O00001114,C000066,2025-07-04 06:00:00,P00040,2,19.76,0.2,completed
O00001115,C000066,2025-07-05 01:00:00,P00045,2,32.04,0.0,completed
O00001116,C000066,2025-07-14 19:00:00,P00010,3,47.17,0.1,completed
O00001117,C000066,2025-08-14 23:00:00,P00061,1,16.95,0.0,completed
O00001118,C000066,2025-08-20 07:00:00,P00010,3,52.41,0.0,completed
O00001119,C000066,2025-08-21 01:00:00,P00060,3,108.57,0.0,completed
O00001120,C000066,2025-08-29 20:00:00,P00055,1,10.21,0.0,completed
O00001121,C000066,2025-09-23 18:00:00,P00044,1,33.75,0.1,completed
O00001122,C000066,2025-09-25 02:00:00,P00068,2,59.09,0.2,completed
O00001123,C000066,2025-10-06 13:00:00,P00058,1,21.71,0.0,completed
O00001124,C000066,2025-10-14 10:00:00,P00045,1,16.02,0.0,completed
O00001125,C000066,2025-10-21 00:00:00,P00037,3,67.82,0.1,completed
O00001126,C000066,2025-10-22 21:00:00,P00059,1,13.42,0.0,completed
O00001127,C000066,2025-10-28 04:00:00,P00056,3,66.15,0.0,cancelled
O00001128,C000066,2025-11-03 07:00:00,P00043,2,15.52,0.1,completed
O00001129,C000066,2025-11-08 08:00:00,P00008,1,11.39,0.2,refunded
O00001130,C000066,2025-11-10 03:00:00,P00017,3,14.91,0.0,completed
O00001131,C000066,2025-11-16 18:00:00,P00043,3,23.27,0.1,completed
O00001132,C000066,2025-11-16 13:00:00,P00021,2,16.36,0.1,refunded
O00001133,C000066,2025-12-07 21:00:00,P00045,3,48.06,0.0,completed
O00001134,C000066,2025-12-24 09:00:00,P00060,1,36.19,0.0,completed
O00001135,C000066,2025-12-31 08:00:00,P00036,2,30.18,0.0,completed
O00001136,C000066,2026-01-11 02:00:00,P00067,3,30.19,0.2,completed
O00001137,C000066,2026-01-15 10:00:00,P00010,2,34.94,0.0,completed
O00001138,C000066,2026-01-27 01:00:00,P00078,1,18.48,0.0,completed
O00001139,C000066,2026-02-01 10:00:00,P00034,2,52.64,0.0,completed
O00001140,C000066,2026-02-10 20:00:00,P00015,1,8.72,0.2,completed
O00001141,C000066,2026-02-14 00:00:00,P00079,2,69.89,0.1,completed
O00001142,C000066,2026-03-13 19:00:00,P00020,2,55.85,0.1,completed
O00001143,C000066,2026-03-16 06:00:00,P00025,1,21.87,0.2,completed
O00001144,C000066,2026-03-21 03:00:00,P00010,1,13.98,0.2,completed
O00001145,C000066,2026-04-17 14:00:00,P00079,2,77.66,0.0,completed
O00001146,C000066,2026-04-22 23:00:00,P00014,3,30.72,0.0,completed
O00001147,C000066,2026-05-03 00:00:00,P00061,3,50.85,0.0,completed
O00001148,C000066,2026-05-14 02:00:00,P00020,1,24.82,0.2,completed
O00001149,C000066,2026-05-16 03:00:00,P00026,1,27.81,0.0,completed
O00001150,C000066,2026-05-29 04:00:00,P00043,1,8.62,0.0,completed
O00001151,C000067,2024-05-22 21:00:00,P00027,2,37.06,0.0,completed
O00001152,C000067,2024-05-25 03:00:00,P00018,1,12.44,0.0,cancelled
O00001153,C000067,2024-07-16 12:00:00,P00055,1,9.19,0.1,completed
O00001154,C000067,2024-08-27 18:00:00,P00037,2,45.22,0.1,completed
O00001155,C000067,2024-09-05 20:00:00,P00079,2,62.13,0.2,completed
O00001156,C000067,2024-09-24 21:00:00,P00056,2,39.69,0.1,completed
O00001157,C000067,2024-09-28 07:00:00,P00077,1,43.29,0.0,completed
O00001158,C000067,2024-10-08 07:00:00,P00075,2,48.5,0.0,completed
O00001159,C000067,2024-10-24 08:00:00,P00078,1,14.78,0.2,completed
O00001160,C000067,2024-11-03 20:00:00,P00032,3,34.27,0.2,completed
O00001161,C000067,2024-11-15 20:00:00,P00012,2,26.14,0.0,completed
O00001162,C000067,2024-11-18 06:00:00,P00035,3,76.5,0.0,completed
O00001163,C000067,2024-12-16 16:00:00,P00060,3,86.86,0.2,completed
O00001164,C000067,2024-12-17 08:00:00,P00013,2,39.42,0.0,refunded
O00001165,C000067,2024-12-31 10:00:00,P00001,1,18.29,0.0,cancelled
O00001166,C000067,2025-01-01 20:00:00,P00039,2,41.64,0.0,completed
O00001167,C000067,2025-02-13 17:00:00,P00043,3,20.69,0.2,completed
O00001168,C000067,2025-02-23 15:00:00,P00010,3,52.41,0.0,completed
O00001169,C000067,2025-03-14 02:00:00,P00073,1,21.31,0.0,completed
O00001170,C000067,2025-03-15 13:00:00,P00011,2,29.95,0.2,completed
O00001171,C000067,2025-03-17 04:00:00,P00063,1,25.76,0.0,completed
O00001172,C000067,2025-03-23 01:00:00,P00058,1,21.71,0.0,completed
O00001173,C000067,2025-03-28 18:00:00,P00047,3,85.47,0.0,completed
O00001174,C000067,2025-06-07 22:00:00,P00041,2,32.06,0.1,completed
O00001175,C000067,2025-06-08 02:00:00,P00041,3,53.43,0.0,completed
O00001176,C000067,2025-07-21 00:00:00,P00058,2,43.42,0.0,completed
O00001177,C000067,2025-07-23 04:00:00,P00059,2,24.16,0.1,completed
O00001178,C000067,2025-10-31 12:00:00,P00000,1,45.53,0.0,completed
O00001179,C000067,2025-11-07 09:00:00,P00013,3,53.22,0.1,completed
O00001180,C000067,2025-11-17 18:00:00,P00013,1,19.71,0.0,completed
O00001181,C000067,2025-11-20 11:00:00,P00028,1,14.97,0.0,completed
O00001182,C000067,2025-12-21 10:00:00,P00020,3,93.09,0.0,completed
O00001183,C000067,2026-01-09 09:00:00,P00077,1,43.29,0.0,completed
O00001184,C000067,2026-01-21 01:00:00,P00050,3,150.75,0.0,completed
O00001185,C000067,2026-02-13 04:00:00,P00006,3,96.24,0.0,completed
O00001186,C000067,2026-02-17 18:00:00,P00078,1,18.48,0.0,completed
O00001187,C000067,2026-02-17 08:00:00,P00078,3,55.44,0.0,completed
O00001188,C000067,2026-02-22 22:00:00,P00039,1,20.82,0.0,completed
O00001189,C000067,2026-02-28 18:00:00,P00060,2,65.14,0.1,completed
O00001190,C000067,2026-03-10 21:00:00,P00008,3,42.72,0.0,completed
O00001191,C000067,2026-03-31 02:00:00,P00040,2,24.7,0.0,completed
O00001192,C000067,2026-04-07 17:00:00,P00016,3,38.31,0.0,completed
O00001193,C000067,2026-05-08 07:00:00,P00060,1,36.19,0.0,completed
O00001194,C000067,2026-06-07 10:00:00,P00001,2,36.58,0.0,completed
O00001195,C000067,2026-06-09 10:00:00,P00058,1,19.54,0.1,completed
O00001196,C000067,2026-06-20 07:00:00,P00032,2,28.56,0.0,completed
O00001197,C000067,2026-06-24 11:00:00,P00015,2,17.44,0.2,completed
O00001198,C000067,2026-06-25 06:00:00,P00055,1,9.19,0.1,completed
O00001199,C000068,2024-01-24 23:00:00,P00048,1,28.6,0.2,completed
O00001200,C000068,2024-03-10 23:00:00,P00020,1,27.93,0.1,completed
O00001201,C000068,2024-04-03 06:00:00,P00017,3,14.91,0.0,completed
O00001202,C000068,2024-04-09 04:00:00,P00064,3,28.85,0.2,completed
O00001203,C000068,2024-05-04 13:00:00,P00076,3,171.48,0.1,completed
O00001204,C000068,2024-05-14 19:00:00,P00042,2,62.35,0.2,completed
O00001205,C000068,2024-05-26 15:00:00,P00050,3,150.75,0.0,completed
O00001206,C000068,2024-06-27 14:00:00,P00051,2,84.6,0.0,completed
O00001207,C000068,2024-07-12 09:00:00,P00063,3,61.82,0.2,completed
O00001208,C000068,2024-07-20 16:00:00,P00029,3,72.47,0.1,completed
O00001209,C000068,2024-07-20 20:00:00,P00024,3,59.64,0.0,completed
O00001210,C000068,2024-07-24 01:00:00,P00008,3,34.18,0.2,completed
O00001211,C000068,2024-07-27 00:00:00,P00046,2,100.96,0.0,completed
O00001212,C000068,2024-11-18 07:00:00,P00047,3,85.47,0.0,completed
O00001213,C000068,2024-12-13 09:00:00,P00044,1,37.5,0.0,completed
O00001214,C000068,2024-12-28 17:00:00,P00010,1,15.72,0.1,completed
O00001215,C000068,2025-01-01 20:00:00,P00033,3,47.85,0.0,completed
O00001216,C000068,2025-01-12 01:00:00,P00054,2,18.26,0.0,completed
O00001217,C000068,2025-03-08 16:00:00,P00061,2,33.9,0.0,completed
O00001218,C000068,2025-03-13 15:00:00,P00021,3,27.27,0.0,completed
O00001219,C000068,2025-04-03 13:00:00,P00027,1,18.53,0.0,completed
O00001220,C000068,2025-04-13 02:00:00,P00011,3,44.93,0.2,completed
O00001221,C000068,2025-04-16 02:00:00,P00008,2,28.48,0.0,refunded
O00001222,C000068,2025-05-03 17:00:00,P00018,1,11.2,0.1,completed
O00001223,C000068,2025-05-07 20:00:00,P00079,1,34.95,0.1,completed
O00001224,C000068,2025-05-11 02:00:00,P00024,1,15.9,0.2,completed
O00001225,C000068,2025-06-02 03:00:00,P00057,2,112.1,0.0,completed
O00001226,C000068,2025-06-13 03:00:00,P00005,3,67.71,0.0,completed
O00001227,C000068,2025-06-25 23:00:00,P00024,1,19.88,0.0,completed
O00001228,C000068,2025-06-27 10:00:00,P00041,3,48.09,0.1,completed
O00001229,C000068,2025-07-06 21:00:00,P00001,3,54.87,0.0,completed
O00001230,C000068,2025-07-12 21:00:00,P00079,1,38.83,0.0,completed
O00001231,C000068,2025-09-18 05:00:00,P00007,3,160.89,0.0,completed
O00001232,C000068,2025-10-21 08:00:00,P00057,1,50.44,0.1,completed
O00001233,C000068,2025-11-06 03:00:00,P00073,3,63.93,0.0,completed
O00001234,C000068,2025-12-18 21:00:00,P00060,3,86.86,0.2,completed
O00001235,C000068,2026-01-09 09:00:00,P00054,3,27.39,0.0,completed
O00001236,C000068,2026-01-31 18:00:00,P00026,3,66.74,0.2,completed
O00001237,C000068,2026-02-07 23:00:00,P00079,1,38.83,0.0,completed
O00001238,C000068,2026-02-17 17:00:00,P00030,1,11.14,0.0,cancelled
O00001239,C000068,2026-03-03 05:00:00,P00028,2,29.94,0.0,completed
O00001240,C000068,2026-03-18 14:00:00,P00001,2,36.58,0.0,completed
O00001241,C000068,2026-04-11 18:00:00,P00020,1,24.82,0.2,completed
O00001242,C000069,2024-12-01 19:00:00,P00020,2,49.65,0.2,completed
O00001243,C000069,2025-02-25 11:00:00,P00072,3,13.62,0.0,completed
O00001244,C000069,2025-07-18 01:00:00,P00029,3,80.52,0.0,completed
O00001245,C000069,2025-10-10 01:00:00,P00037,1,22.61,0.1,completed
O00001246,C000069,2025-12-24 15:00:00,P00025,3,73.82,0.1,completed
O00001247,C000069,2026-01-08 11:00:00,P00006,2,64.16,0.0,completed
O00001248,C000069,2026-02-08 01:00:00,P00055,3,24.5,0.2,completed
O00001249,C000069,2026-03-30 05:00:00,P00032,2,22.85,0.2,completed
O00001250,C000070,2025-02-04 05:00:00,P00063,3,77.28,0.0,completed
O00001251,C000070,2025-02-23 13:00:00,P00005,1,20.31,0.1,completed
O00001252,C000070,2025-09-09 11:00:00,P00015,2,21.8,0.0,refunded
O00001253,C000071,2025-01-12 11:00:00,P00004,1,18.5,0.0,completed
O00001254,C000072,2025-03-26 14:00:00,P00066,2,11.89,0.2,completed
O00001255,C000072,2025-04-11 17:00:00,P00019,1,13.6,0.2,completed
O00001256,C000072,2025-04-17 09:00:00,P00010,3,47.17,0.1,completed
O00001257,C000072,2025-04-21 16:00:00,P00068,1,29.54,0.2,completed
O00001258,C000072,2025-04-28 06:00:00,P00005,3,67.71,0.0,completed
O00001259,C000072,2025-05-06 03:00:00,P00052,1,12.14,0.0,completed
O00001260,C000072,2025-05-24 16:00:00,P00031,3,11.83,0.2,completed
O00001261,C000072,2025-06-08 15:00:00,P00069,2,351.54,0.0,completed
O00001262,C000072,2025-07-03 00:00:00,P00052,1,12.14,0.0,completed
O00001263,C000072,2025-07-07 04:00:00,P00037,1,25.12,0.0,completed
O00001264,C000072,2025-09-08 15:00:00,P00017,3,13.42,0.1,completed
O00001265,C000072,2025-09-25 12:00:00,P00009,2,67.24,0.0,completed
O00001266,C000072,2025-10-05 16:00:00,P00041,1,17.81,0.0,completed
O00001267,C000072,2025-10-07 09:00:00,P00070,3,20.55,0.0,completed
O00001268,C000072,2025-10-13 16:00:00,P00062,1,25.86,0.2,completed
O00001269,C000072,2025-10-18 09:00:00,P00077,2,69.26,0.2,completed
O00001270,C000072,2025-10-31 20:00:00,P00032,2,28.56,0.0,completed
O00001271,C000072,2025-12-12 09:00:00,P00049,1,35.54,0.2,completed
O00001272,C000072,2025-12-27 08:00:00,P00023,3,93.81,0.0,completed
O00001273,C000072,2026-01-04 00:00:00,P00050,2,100.5,0.0,cancelled
O00001274,C000072,2026-03-17 21:00:00,P00052,1,12.14,0.0,completed
O00001275,C000072,2026-03-29 20:00:00,P00078,1,18.48,0.0,completed
O00001276,C000072,2026-04-07 13:00:00,P00054,1,9.13,0.0,refunded
O00001277,C000072,2026-04-28 18:00:00,P00067,3,37.74,0.0,completed
O00001278,C000072,2026-05-07 06:00:00,P00010,1,17.47,0.0,completed
O00001279,C000072,2026-05-21 16:00:00,P00034,3,78.96,0.0,completed
O00001280,C000072,2026-05-24 01:00:00,P00015,1,10.9,0.0,completed
O00001281,C000072,2026-06-15 10:00:00,P00047,2,45.58,0.2,completed
O00001282,C000072,2026-06-18 20:00:00,P00068,3,110.79,0.0,completed
O00001283,C000072,2026-06-24 16:00:00,P00001,2,36.58,0.0,completed
O00001284,C000073,2024-04-07 06:00:00,P00066,2,14.86,0.0,completed
O00001285,C000073,2024-04-16 10:00:00,P00050,2,100.5,0.0,completed
O00001286,C000073,2024-04-19 23:00:00,P00023,2,62.54,0.0,completed
O00001287,C000073,2024-04-27 12:00:00,P00066,1,7.43,0.0,completed
O00001288,C000073,2024-05-15 07:00:00,P00000,2,91.06,0.0,completed
O00001289,C000073,2024-06-10 02:00:00,P00018,2,19.9,0.2,completed
O00001290,C000073,2024-06-25 23:00:00,P00049,2,88.84,0.0,completed
O00001291,C000073,2024-07-08 05:00:00,P00072,1,4.54,0.0,completed
O00001292,C000073,2024-07-20 23:00:00,P00001,2,36.58,0.0,completed
O00001293,C000073,2024-07-31 15:00:00,P00049,3,133.26,0.0,completed
O00001294,C000073,2024-08-03 17:00:00,P00070,3,20.55,0.0,completed
O00001295,C000073,2024-09-09 23:00:00,P00018,1,12.44,0.0,completed
O00001296,C000073,2024-09-09 21:00:00,P00014,3,24.58,0.2,completed
O00001297,C000073,2024-09-15 21:00:00,P00048,2,71.5,0.0,completed
O00001298,C000073,2024-09-23 19:00:00,P00037,2,40.19,0.2,completed
O00001299,C000073,2024-10-10 06:00:00,P00061,1,16.95,0.0,completed
O00001300,C000073,2024-10-18 20:00:00,P00017,2,9.94,0.0,completed
O00001301,C000073,2024-11-09 19:00:00,P00030,3,33.42,0.0,completed
O00001302,C000073,2024-11-16 07:00:00,P00001,3,54.87,0.0,completed
O00001303,C000073,2024-11-22 02:00:00,P00032,1,12.85,0.1,completed
O00001304,C000073,2024-12-04 07:00:00,P00040,2,24.7,0.0,completed
O00001305,C000073,2025-01-03 08:00:00,P00050,1,50.25,0.0,completed
O00001306,C000073,2025-02-03 17:00:00,P00012,3,39.21,0.0,completed
O00001307,C000073,2025-02-07 06:00:00,P00049,1,44.42,0.0,completed
O00001308,C000073,2025-02-23 08:00:00,P00014,1,10.24,0.0,completed
O00001309,C000073,2025-03-13 07:00:00,P00022,2,37.5,0.2,completed
O00001310,C000073,2025-03-28 04:00:00,P00065,3,156.39,0.0,completed
O00001311,C000073,2025-04-06 08:00:00,P00017,1,4.97,0.0,completed
O00001312,C000073,2025-04-25 13:00:00,P00031,1,4.44,0.1,completed
O00001313,C000073,2025-05-04 18:00:00,P00074,3,40.36,0.1,completed
O00001314,C000074,2024-02-09 15:00:00,P00022,2,42.19,0.1,completed
O00001315,C000074,2024-02-09 14:00:00,P00027,3,44.47,0.2,completed
O00001316,C000074,2024-02-11 05:00:00,P00079,2,69.89,0.1,completed
O00001317,C000074,2024-02-11 14:00:00,P00067,3,37.74,0.0,completed
O00001318,C000074,2024-02-21 03:00:00,P00008,1,11.39,0.2,completed
O00001319,C000074,2024-03-04 20:00:00,P00058,2,43.42,0.0,completed
O00001320,C000074,2024-03-05 19:00:00,P00052,2,24.28,0.0,completed
O00001321,C000074,2024-03-11 18:00:00,P00011,2,37.44,0.0,completed
O00001322,C000074,2024-03-19 20:00:00,P00015,3,32.7,0.0,completed
O00001323,C000074,2024-03-21 13:00:00,P00039,1,16.66,0.2,completed
O00001324,C000074,2024-03-21 18:00:00,P00057,2,112.1,0.0,completed
O00001325,C000074,2024-03-22 17:00:00,P00036,3,45.27,0.0,completed
O00001326,C000074,2024-03-24 12:00:00,P00043,2,13.79,0.2,completed
O00001327,C000074,2024-04-10 21:00:00,P00047,1,22.79,0.2,completed
O00001328,C000074,2024-04-12 13:00:00,P00005,3,67.71,0.0,completed
O00001329,C000074,2024-04-12 00:00:00,P00019,3,45.9,0.1,completed
O00001330,C000074,2024-04-17 06:00:00,P00071,1,19.45,0.1,completed
O00001331,C000074,2024-05-03 06:00:00,P00033,3,38.28,0.2,completed
O00001332,C000074,2024-05-10 20:00:00,P00066,2,13.37,0.1,completed
O00001333,C000074,2024-05-10 05:00:00,P00071,2,43.22,0.0,completed
O00001334,C000074,2024-05-15 11:00:00,P00076,2,101.62,0.2,completed
O00001335,C000074,2024-05-25 15:00:00,P00040,2,24.7,0.0,completed
O00001336,C000074,2024-05-27 08:00:00,P00008,3,34.18,0.2,completed
O00001337,C000074,2024-05-30 09:00:00,P00043,2,17.24,0.0,completed
O00001338,C000074,2024-06-03 08:00:00,P00003,2,38.66,0.2,completed
O00001339,C000074,2024-06-08 08:00:00,P00016,2,25.54,0.0,completed
O00001340,C000074,2024-06-18 12:00:00,P00054,2,18.26,0.0,completed
O00001341,C000074,2024-06-27 16:00:00,P00002,2,65.08,0.0,completed
O00001342,C000074,2024-07-18 21:00:00,P00007,3,144.8,0.1,completed
O00001343,C000074,2024-07-26 17:00:00,P00079,1,38.83,0.0,completed
O00001344,C000074,2024-07-30 12:00:00,P00044,1,30.0,0.2,completed
O00001345,C000074,2024-08-16 15:00:00,P00041,2,32.06,0.1,completed
O00001346,C000074,2024-08-16 23:00:00,P00030,3,26.74,0.2,completed
O00001347,C000074,2024-08-21 22:00:00,P00005,1,22.57,0.0,completed
O00001348,C000074,2024-08-22 22:00:00,P00030,3,33.42,0.0,completed
O00001349,C000074,2024-08-30 17:00:00,P00022,1,21.1,0.1,completed
O00001350,C000074,2024-09-10 14:00:00,P00061,2,33.9,0.0,completed
O00001351,C000074,2024-09-17 18:00:00,P00039,2,41.64,0.0,cancelled
O00001352,C000074,2024-10-01 18:00:00,P00073,3,63.93,0.0,refunded
O00001353,C000074,2024-10-05 07:00:00,P00057,1,50.44,0.1,completed
O00001354,C000074,2024-10-07 12:00:00,P00077,1,43.29,0.0,completed
O00001355,C000074,2024-10-21 22:00:00,P00011,2,37.44,0.0,completed
O00001356,C000074,2024-10-27 01:00:00,P00039,3,62.46,0.0,completed
O00001357,C000074,2024-10-27 06:00:00,P00023,1,31.27,0.0,completed
O00001358,C000074,2024-11-08 00:00:00,P00018,3,37.32,0.0,completed
O00001359,C000074,2024-11-11 19:00:00,P00071,3,64.83,0.0,completed
O00001360,C000074,2024-11-16 05:00:00,P00049,3,133.26,0.0,completed
O00001361,C000074,2024-11-20 13:00:00,P00031,1,4.93,0.0,completed
O00001362,C000074,2024-11-22 23:00:00,P00012,2,26.14,0.0,completed
O00001363,C000074,2024-12-02 09:00:00,P00068,2,73.86,0.0,completed
O00001364,C000074,2024-12-04 21:00:00,P00075,1,24.25,0.0,completed
O00001365,C000074,2024-12-12 04:00:00,P00016,2,25.54,0.0,completed
O00001366,C000074,2024-12-20 23:00:00,P00015,3,29.43,0.1,completed
O00001367,C000074,2024-12-23 08:00:00,P00004,3,44.4,0.2,completed
O00001368,C000074,2024-12-29 04:00:00,P00002,3,97.62,0.0,completed
O00001369,C000074,2025-01-07 08:00:00,P00058,1,19.54,0.1,completed
O00001370,C000074,2025-02-07 18:00:00,P00022,2,37.5,0.2,completed
O00001371,C000074,2025-02-10 19:00:00,P00038,2,89.06,0.0,completed
O00001372,C000074,2025-02-12 02:00:00,P00003,2,43.49,0.1,completed
O00001373,C000074,2025-02-13 17:00:00,P00044,1,37.5,0.0,completed
O00001374,C000074,2025-02-18 05:00:00,P00008,1,12.82,0.1,completed
O00001375,C000074,2025-02-24 03:00:00,P00026,2,44.5,0.2,completed
O00001376,C000074,2025-03-05 20:00:00,P00063,3,77.28,0.0,completed
O00001377,C000074,2025-03-15 21:00:00,P00072,2,9.08,0.0,completed
O00001378,C000074,2025-03-23 18:00:00,P00013,1,19.71,0.0,refunded
O00001379,C000074,2025-03-23 21:00:00,P00012,2,26.14,0.0,completed
O00001380,C000074,2025-03-25 03:00:00,P00005,3,67.71,0.0,completed
O00001381,C000074,2025-03-30 04:00:00,P00005,2,45.14,0.0,completed
O00001382,C000074,2025-04-03 02:00:00,P00067,2,20.13,0.2,completed
O00001383,C000074,2025-04-10 20:00:00,P00077,3,116.88,0.1,completed
O00001384,C000074,2025-05-01 21:00:00,P00032,1,14.28,0.0,completed
O00001385,C000074,2025-05-05 08:00:00,P00073,1,21.31,0.0,completed
O00001386,C000074,2025-05-06 21:00:00,P00059,2,21.47,0.2,completed
O00001387,C000074,2025-05-26 11:00:00,P00030,3,33.42,0.0,completed
O00001388,C000074,2025-05-29 04:00:00,P00062,3,96.99,0.0,completed
O00001389,C000074,2025-05-31 18:00:00,P00003,3,72.48,0.0,completed
O00001390,C000074,2025-06-01 23:00:00,P00065,2,104.26,0.0,completed
O00001391,C000074,2025-06-11 20:00:00,P00030,2,22.28,0.0,completed
O00001392,C000074,2025-06-21 19:00:00,P00029,1,24.16,0.1,completed
O00001393,C000074,2025-07-04 09:00:00,P00001,1,18.29,0.0,completed
O00001394,C000074,2025-07-21 16:00:00,P00001,3,54.87,0.0,completed
O00001395,C000074,2025-08-13 07:00:00,P00042,3,116.91,0.0,completed
O00001396,C000074,2025-08-17 07:00:00,P00043,3,25.86,0.0,completed
O00001397,C000074,2025-09-02 11:00:00,P00066,2,14.86,0.0,completed
O00001398,C000074,2025-09-02 21:00:00,P00021,2,14.54,0.2,completed
O00001399,C000074,2025-09-07 04:00:00,P00025,2,54.68,0.0,completed
O00001400,C000074,2025-09-08 07:00:00,P00078,2,33.26,0.1,completed
O00001401,C000074,2025-09-12 17:00:00,P00052,3,32.78,0.1,completed
O00001402,C000074,2025-09-19 05:00:00,P00016,1,10.22,0.2,completed
O00001403,C000074,2025-10-05 23:00:00,P00029,2,42.94,0.2,completed
O00001404,C000074,2025-10-17 07:00:00,P00064,2,24.04,0.0,completed
O00001405,C000074,2025-10-21 00:00:00,P00049,1,35.54,0.2,refunded
O00001406,C000074,2025-11-04 01:00:00,P00064,3,32.45,0.1,completed
O00001407,C000074,2025-11-07 10:00:00,P00036,3,45.27,0.0,completed
O00001408,C000074,2025-11-17 09:00:00,P00005,2,45.14,0.0,completed
O00001409,C000074,2025-11-19 07:00:00,P00052,1,9.71,0.2,completed
O00001410,C000074,2025-11-21 07:00:00,P00010,3,41.93,0.2,completed
O00001411,C000074,2025-12-15 20:00:00,P00049,2,88.84,0.0,completed
O00001412,C000074,2025-12-21 16:00:00,P00034,1,21.06,0.2,completed
O00001413,C000074,2025-12-22 16:00:00,P00007,2,85.81,0.2,completed
O00001414,C000074,2026-01-03 00:00:00,P00031,1,4.44,0.1,refunded
O00001415,C000074,2026-01-09 13:00:00,P00042,2,77.94,0.0,completed
O00001416,C000074,2026-01-13 13:00:00,P00074,3,35.88,0.2,completed
O00001417,C000074,2026-01-13 19:00:00,P00000,2,81.95,0.1,completed
O00001418,C000074,2026-01-24 07:00:00,P00072,3,13.62,0.0,completed
O00001419,C000074,2026-01-26 05:00:00,P00079,1,34.95,0.1,completed
O00001420,C000074,2026-01-26 15:00:00,P00040,3,37.05,0.0,completed
O00001421,C000074,2026-01-31 02:00:00,P00023,1,31.27,0.0,completed
O00001422,C000074,2026-02-02 20:00:00,P00007,3,160.89,0.0,completed
O00001423,C000074,2026-02-17 07:00:00,P00050,2,100.5,0.0,completed
O00001424,C000074,2026-02-28 04:00:00,P00068,2,59.09,0.2,completed
O00001425,C000074,2026-03-02 16:00:00,P00028,1,13.47,0.1,cancelled
O00001426,C000074,2026-03-11 08:00:00,P00048,2,71.5,0.0,completed
O00001427,C000074,2026-03-16 10:00:00,P00058,1,21.71,0.0,completed
O00001428,C000074,2026-03-28 06:00:00,P00029,1,26.84,0.0,completed
O00001429,C000074,2026-04-07 14:00:00,P00001,1,18.29,0.0,cancelled
O00001430,C000074,2026-04-08 11:00:00,P00005,3,67.71,0.0,completed
O00001431,C000074,2026-04-18 06:00:00,P00063,1,25.76,0.0,completed
O00001432,C000074,2026-04-23 04:00:00,P00017,2,9.94,0.0,cancelled
O00001433,C000074,2026-05-05 01:00:00,P00035,1,22.95,0.1,completed
O00001434,C000074,2026-05-31 18:00:00,P00079,1,31.06,0.2,completed
O00001435,C000074,2026-06-21 04:00:00,P00076,2,127.02,0.0,completed
O00001436,C000074,2026-06-22 03:00:00,P00058,3,52.1,0.2,completed
O00001437,C000074,2026-06-22 23:00:00,P00053,3,106.62,0.1,completed
O00001438,C000074,2026-06-22 04:00:00,P00067,3,33.97,0.1,completed
O00001439,C000074,2026-06-29 13:00:00,P00027,2,37.06,0.0,completed
O00001440,C000075,2024-04-29 13:00:00,P00036,1,15.09,0.0,refunded
O00001441,C000075,2024-06-23 18:00:00,P00001,2,32.92,0.1,completed
O00001442,C000075,2024-06-27 07:00:00,P00078,3,44.35,0.2,completed
O00001443,C000075,2024-08-15 02:00:00,P00078,3,55.44,0.0,completed
O00001444,C000075,2024-09-26 18:00:00,P00036,1,15.09,0.0,completed
O00001445,C000075,2025-01-02 17:00:00,P00037,3,75.36,0.0,completed
O00001446,C000075,2025-02-20 22:00:00,P00066,3,22.29,0.0,completed
O00001447,C000076,2024-05-11 17:00:00,P00012,3,39.21,0.0,completed
O00001448,C000077,2025-04-12 19:00:00,P00049,2,71.07,0.2,completed
O00001449,C000078,2025-01-06 22:00:00,P00008,1,11.39,0.2,completed
O00001450,C000079,2025-02-24 19:00:00,P00049,3,106.61,0.2,completed
O00001451,C000079,2025-06-10 04:00:00,P00078,2,36.96,0.0,completed
O00001452,C000080,2024-12-05 22:00:00,P00025,3,82.02,0.0,completed
O00001453,C000080,2024-12-14 16:00:00,P00016,2,20.43,0.2,completed
O00001454,C000081,2024-06-16 03:00:00,P00016,2,25.54,0.0,completed
O00001455,C000081,2025-09-04 03:00:00,P00048,3,107.25,0.0,completed
O00001456,C000082,2025-09-05 20:00:00,P00044,3,101.25,0.1,completed
O00001457,C000082,2025-09-07 12:00:00,P00056,1,22.05,0.0,completed
O00001458,C000082,2026-01-04 21:00:00,P00022,3,63.29,0.1,completed
O00001459,C000082,2026-03-09 21:00:00,P00051,2,76.14,0.1,completed
O00001460,C000082,2026-04-25 17:00:00,P00030,1,10.03,0.1,completed
O00001461,C000082,2026-05-19 04:00:00,P00012,2,23.53,0.1,completed
O00001462,C000082,2026-06-25 08:00:00,P00005,3,67.71,0.0,completed
O00001463,C000083,2024-03-15 00:00:00,P00007,3,160.89,0.0,completed
O00001464,C000083,2024-03-16 03:00:00,P00069,3,474.58,0.1,completed
O00001465,C000083,2024-03-18 10:00:00,P00063,3,77.28,0.0,completed
O00001466,C000083,2024-03-19 18:00:00,P00048,2,71.5,0.0,completed
O00001467,C000083,2024-04-18 19:00:00,P00052,1,12.14,0.0,completed
O00001468,C000083,2024-05-13 06:00:00,P00047,1,22.79,0.2,completed
O00001469,C000083,2024-06-04 13:00:00,P00023,1,31.27,0.0,completed
O00001470,C000083,2024-06-12 14:00:00,P00058,2,43.42,0.0,completed
O00001471,C000083,2024-06-29 11:00:00,P00010,1,15.72,0.1,completed
O00001472,C000083,2024-07-25 17:00:00,P00052,3,29.14,0.2,completed
O00001473,C000083,2024-08-14 01:00:00,P00050,2,100.5,0.0,completed
O00001474,C000083,2024-08-18 14:00:00,P00051,3,101.52,0.2,completed
O00001475,C000083,2024-09-15 09:00:00,P00069,3,527.31,0.0,completed
O00001476,C000083,2024-10-06 07:00:00,P00030,3,33.42,0.0,completed
O00001477,C000083,2024-10-21 10:00:00,P00026,2,55.62,0.0,completed
O00001478,C000083,2024-10-30 15:00:00,P00027,1,14.82,0.2,completed
O00001479,C000083,2024-11-01 14:00:00,P00012,2,20.91,0.2,completed
O00001480,C000083,2024-11-08 08:00:00,P00023,2,62.54,0.0,completed
O00001481,C000083,2024-11-24 17:00:00,P00063,3,77.28,0.0,completed
O00001482,C000083,2024-12-30 02:00:00,P00052,3,32.78,0.1,completed
O00001483,C000083,2025-02-21 14:00:00,P00069,3,527.31,0.0,completed
O00001484,C000083,2025-03-16 05:00:00,P00069,2,351.54,0.0,completed
O00001485,C000083,2025-03-31 16:00:00,P00029,1,26.84,0.0,completed
O00001486,C000083,2025-04-11 11:00:00,P00020,3,74.47,0.2,completed
O00001487,C000083,2025-04-17 00:00:00,P00055,3,30.63,0.0,completed
O00001488,C000083,2025-04-19 00:00:00,P00052,2,24.28,0.0,completed
O00001489,C000083,2025-05-04 05:00:00,P00078,3,55.44,0.0,completed
O00001490,C000083,2025-05-27 14:00:00,P00041,2,35.62,0.0,completed
O00001491,C000083,2025-06-02 07:00:00,P00050,3,135.68,0.1,completed
O00001492,C000083,2025-06-08 19:00:00,P00043,1,8.62,0.0,completed
O00001493,C000083,2025-06-09 16:00:00,P00008,2,28.48,0.0,completed
O00001494,C000083,2025-07-06 12:00:00,P00020,3,93.09,0.0,completed
O00001495,C000083,2025-07-08 07:00:00,P00031,2,9.86,0.0,completed
O00001496,C000083,2025-07-08 18:00:00,P00071,1,21.61,0.0,completed
O00001497,C000083,2025-07-21 11:00:00,P00013,1,17.74,0.1,completed
O00001498,C000083,2025-09-24 18:00:00,P00005,2,45.14,0.0,completed
O00001499,C000083,2025-10-07 17:00:00,P00015,3,32.7,0.0,completed
O00001500,C000083,2025-10-29 02:00:00,P00017,3,13.42,0.1,completed
O00001501,C000083,2025-11-16 09:00:00,P00063,3,69.55,0.1,completed
O00001502,C000084,2024-01-13 13:00:00,P00016,2,20.43,0.2,completed
O00001503,C000084,2024-02-02 14:00:00,P00007,1,42.9,0.2,completed
O00001504,C000084,2024-02-06 20:00:00,P00016,1,11.49,0.1,completed
O00001505,C000084,2024-03-10 03:00:00,P00006,1,32.08,0.0,completed
O00001506,C000084,2024-03-20 00:00:00,P00026,3,83.43,0.0,completed
O00001507,C000084,2024-03-30 14:00:00,P00051,1,42.3,0.0,completed
O00001508,C000084,2024-04-21 22:00:00,P00062,3,96.99,0.0,completed
O00001509,C000084,2024-04-30 01:00:00,P00063,1,23.18,0.1,completed
O00001510,C000084,2024-05-02 07:00:00,P00030,3,33.42,0.0,completed
O00001511,C000084,2024-05-19 10:00:00,P00022,2,46.88,0.0,completed
O00001512,C000084,2024-06-24 01:00:00,P00010,2,34.94,0.0,completed
O00001513,C000084,2024-07-10 02:00:00,P00075,1,24.25,0.0,completed
O00001514,C000084,2024-07-10 11:00:00,P00055,3,30.63,0.0,completed
O00001515,C000084,2024-07-29 10:00:00,P00032,2,28.56,0.0,completed
O00001516,C000084,2024-08-22 07:00:00,P00075,3,72.75,0.0,completed
O00001517,C000084,2024-09-28 11:00:00,P00000,1,40.98,0.1,completed
O00001518,C000084,2024-10-03 03:00:00,P00019,1,15.3,0.1,completed
O00001519,C000084,2024-10-18 10:00:00,P00056,1,22.05,0.0,refunded
O00001520,C000084,2024-10-22 04:00:00,P00074,1,13.46,0.1,completed
O00001521,C000084,2024-11-02 20:00:00,P00069,3,527.31,0.0,completed
O00001522,C000084,2024-12-03 13:00:00,P00016,2,22.99,0.1,completed
O00001523,C000084,2024-12-13 10:00:00,P00052,1,12.14,0.0,completed
O00001524,C000084,2024-12-23 16:00:00,P00015,2,19.62,0.1,completed
O00001525,C000084,2024-12-30 04:00:00,P00051,3,126.9,0.0,completed
O00001526,C000084,2025-01-08 23:00:00,P00024,2,39.76,0.0,completed
O00001527,C000084,2025-01-14 11:00:00,P00043,3,25.86,0.0,completed
O00001528,C000084,2025-01-29 20:00:00,P00057,3,168.15,0.0,completed
O00001529,C000084,2025-02-09 16:00:00,P00038,2,80.15,0.1,completed
O00001530,C000084,2025-02-27 18:00:00,P00048,1,35.75,0.0,completed
O00001531,C000084,2025-03-16 12:00:00,P00004,2,37.0,0.0,completed
O00001532,C000084,2025-03-30 03:00:00,P00068,3,110.79,0.0,completed
O00001533,C000084,2025-04-16 16:00:00,P00038,2,89.06,0.0,completed
O00001534,C000084,2025-04-22 01:00:00,P00055,3,30.63,0.0,completed
O00001535,C000084,2025-06-10 12:00:00,P00068,3,110.79,0.0,completed
O00001536,C000084,2025-06-14 13:00:00,P00049,3,106.61,0.2,completed
O00001537,C000084,2025-06-29 15:00:00,P00012,1,11.76,0.1,completed
O00001538,C000084,2025-07-04 12:00:00,P00009,1,26.9,0.2,completed
O00001539,C000084,2025-07-18 03:00:00,P00005,2,45.14,0.0,completed
O00001540,C000084,2025-08-04 18:00:00,P00056,3,52.92,0.2,completed
O00001541,C000084,2025-09-20 09:00:00,P00023,2,50.03,0.2,completed
O00001542,C000084,2025-09-21 18:00:00,P00010,3,47.17,0.1,completed
O00001543,C000084,2025-10-21 03:00:00,P00057,3,151.33,0.1,completed
O00001544,C000084,2025-10-31 16:00:00,P00004,3,55.5,0.0,completed
O00001545,C000084,2025-11-08 18:00:00,P00075,3,72.75,0.0,completed
O00001546,C000084,2025-11-11 04:00:00,P00077,2,86.58,0.0,completed
O00001547,C000084,2025-11-19 02:00:00,P00018,1,12.44,0.0,completed
O00001548,C000084,2025-12-03 04:00:00,P00019,2,34.0,0.0,completed
O00001549,C000084,2025-12-15 01:00:00,P00010,1,17.47,0.0,refunded
O00001550,C000084,2026-01-12 13:00:00,P00000,2,91.06,0.0,refunded
O00001551,C000084,2026-01-19 14:00:00,P00074,2,26.91,0.1,completed
O00001552,C000084,2026-02-03 03:00:00,P00065,3,156.39,0.0,completed
O00001553,C000084,2026-02-25 20:00:00,P00071,3,51.86,0.2,completed
O00001554,C000084,2026-03-22 18:00:00,P00017,1,4.47,0.1,completed
O00001555,C000084,2026-04-01 02:00:00,P00044,3,112.5,0.0,completed
O00001556,C000084,2026-05-01 23:00:00,P00001,3,54.87,0.0,completed
O00001557,C000084,2026-05-05 06:00:00,P00050,2,100.5,0.0,completed
O00001558,C000084,2026-06-16 01:00:00,P00077,3,129.87,0.0,completed
O00001559,C000085,2024-03-10 21:00:00,P00044,1,33.75,0.1,completed
O00001560,C000085,2024-06-22 21:00:00,P00050,3,120.6,0.2,completed
O00001561,C000085,2024-07-03 07:00:00,P00064,3,36.06,0.0,completed
O00001562,C000085,2024-12-29 00:00:00,P00029,2,53.68,0.0,completed
O00001563,C000085,2025-02-12 22:00:00,P00001,1,16.46,0.1,completed
O00001564,C000085,2025-02-15 13:00:00,P00012,3,39.21,0.0,completed
O00001565,C000085,2025-05-05 15:00:00,P00014,2,20.48,0.0,completed
O00001566,C000085,2025-06-18 13:00:00,P00034,1,26.32,0.0,completed
O00001567,C000085,2025-06-25 13:00:00,P00024,3,59.64,0.0,completed
O00001568,C000085,2025-07-05 20:00:00,P00022,1,23.44,0.0,completed
O00001569,C000085,2025-09-07 02:00:00,P00025,2,43.74,0.2,completed
O00001570,C000086,2024-12-18 13:00:00,P00034,3,78.96,0.0,completed
O00001571,C000086,2024-12-31 10:00:00,P00008,2,25.63,0.1,completed
O00001572,C000086,2025-01-12 19:00:00,P00056,2,35.28,0.2,completed
O00001573,C000086,2025-01-15 07:00:00,P00069,3,421.85,0.2,refunded
O00001574,C000086,2025-02-13 06:00:00,P00010,2,34.94,0.0,completed
O00001575,C000086,2025-02-25 08:00:00,P00021,3,21.82,0.2,completed
O00001576,C000086,2025-03-17 06:00:00,P00055,2,20.42,0.0,completed
O00001577,C000086,2025-04-11 04:00:00,P00035,1,25.5,0.0,completed
O00001578,C000086,2025-04-16 04:00:00,P00033,1,15.95,0.0,completed
O00001579,C000086,2025-04-24 10:00:00,P00013,1,19.71,0.0,completed
O00001580,C000086,2025-04-25 22:00:00,P00061,3,50.85,0.0,completed
O00001581,C000086,2025-05-12 22:00:00,P00027,2,37.06,0.0,completed
O00001582,C000086,2025-05-24 14:00:00,P00007,2,107.26,0.0,completed
O00001583,C000086,2025-05-30 17:00:00,P00026,3,66.74,0.2,completed
O00001584,C000086,2025-06-06 01:00:00,P00015,3,26.16,0.2,completed
O00001585,C000086,2025-06-14 02:00:00,P00037,2,50.24,0.0,completed
O00001586,C000086,2025-06-29 19:00:00,P00076,3,190.53,0.0,completed
O00001587,C000086,2025-07-15 02:00:00,P00023,3,93.81,0.0,completed
O00001588,C000086,2025-07-17 13:00:00,P00040,1,12.35,0.0,completed
O00001589,C000086,2025-08-04 06:00:00,P00011,3,56.16,0.0,completed
O00001590,C000086,2025-08-27 06:00:00,P00056,2,35.28,0.2,completed
O00001591,C000086,2025-08-31 17:00:00,P00036,3,45.27,0.0,completed
O00001592,C000086,2025-09-06 09:00:00,P00045,1,16.02,0.0,completed
O00001593,C000086,2025-10-04 07:00:00,P00002,3,87.86,0.1,completed
O00001594,C000086,2025-10-17 22:00:00,P00061,1,16.95,0.0,completed
O00001595,C000086,2025-10-30 15:00:00,P00000,2,72.85,0.2,completed
O00001596,C000086,2026-01-30 11:00:00,P00043,2,17.24,0.0,refunded
O00001597,C000086,2026-02-17 03:00:00,P00055,1,10.21,0.0,completed
O00001598,C000086,2026-02-20 18:00:00,P00031,3,14.79,0.0,completed
O00001599,C000086,2026-02-22 17:00:00,P00048,2,71.5,0.0,completed
O00001600,C000086,2026-02-26 15:00:00,P00075,1,24.25,0.0,completed
O00001601,C000086,2026-03-01 21:00:00,P00028,2,29.94,0.0,completed
O00001602,C000086,2026-03-17 13:00:00,P00007,1,48.27,0.1,completed
O00001603,C000086,2026-03-28 11:00:00,P00037,3,75.36,0.0,completed
O00001604,C000086,2026-04-11 12:00:00,P00047,3,85.47,0.0,completed
O00001605,C000086,2026-04-23 15:00:00,P00044,1,33.75,0.1,completed
O00001606,C000086,2026-05-16 15:00:00,P00049,3,133.26,0.0,completed
O00001607,C000086,2026-05-17 07:00:00,P00016,2,25.54,0.0,completed
O00001608,C000086,2026-06-26 21:00:00,P00055,2,20.42,0.0,completed
O00001609,C000087,2024-08-08 18:00:00,P00070,3,18.49,0.1,completed
O00001610,C000087,2024-11-26 03:00:00,P00025,2,54.68,0.0,completed
O00001611,C000087,2024-12-12 04:00:00,P00021,2,16.36,0.1,completed
O00001612,C000087,2025-02-04 20:00:00,P00038,1,44.53,0.0,refunded
O00001613,C000087,2025-05-07 15:00:00,P00022,2,46.88,0.0,completed
O00001614,C000087,2025-05-12 18:00:00,P00064,3,36.06,0.0,completed
O00001615,C000087,2025-05-15 22:00:00,P00041,3,53.43,0.0,completed
O00001616,C000087,2025-10-06 05:00:00,P00065,2,93.83,0.1,completed
O00001617,C000087,2025-11-12 05:00:00,P00025,2,54.68,0.0,completed
O00001618,C000087,2025-12-09 12:00:00,P00064,3,32.45,0.1,completed
O00001619,C000087,2026-01-04 12:00:00,P00021,3,21.82,0.2,completed
O00001620,C000087,2026-04-19 08:00:00,P00023,1,31.27,0.0,completed
O00001621,C000087,2026-06-02 20:00:00,P00009,1,30.26,0.1,completed
O00001622,C000089,2024-08-27 23:00:00,P00010,2,27.95,0.2,completed
O00001623,C000089,2024-11-22 05:00:00,P00068,2,73.86,0.0,completed
O00001624,C000089,2025-03-12 18:00:00,P00017,1,4.47,0.1,completed
O00001625,C000089,2025-03-29 15:00:00,P00079,2,69.89,0.1,completed
O00001626,C000089,2025-07-14 06:00:00,P00014,1,9.22,0.1,completed
O00001627,C000089,2025-08-30 22:00:00,P00069,2,351.54,0.0,completed
O00001628,C000089,2025-10-06 16:00:00,P00076,1,50.81,0.2,completed
O00001629,C000090,2024-03-17 12:00:00,P00043,1,8.62,0.0,completed
O00001630,C000090,2024-06-11 14:00:00,P00061,1,15.26,0.1,completed
O00001631,C000090,2024-06-17 13:00:00,P00050,2,90.45,0.1,completed
O00001632,C000090,2024-06-21 05:00:00,P00005,2,45.14,0.0,completed
O00001633,C000090,2024-07-21 02:00:00,P00076,2,127.02,0.0,completed
O00001634,C000090,2024-08-02 21:00:00,P00028,3,44.91,0.0,completed
O00001635,C000090,2024-08-27 18:00:00,P00019,2,30.6,0.1,completed
O00001636,C000090,2024-09-02 17:00:00,P00074,3,44.85,0.0,completed
O00001637,C000090,2024-10-11 05:00:00,P00012,3,35.29,0.1,completed
O00001638,C000090,2024-10-14 03:00:00,P00009,2,53.79,0.2,completed
O00001639,C000090,2024-11-08 03:00:00,P00027,2,29.65,0.2,completed
O00001640,C000090,2024-12-22 07:00:00,P00018,2,24.88,0.0,completed
O00001641,C000090,2024-12-22 10:00:00,P00006,2,64.16,0.0,completed
O00001642,C000090,2024-12-26 03:00:00,P00010,1,17.47,0.0,completed
O00001643,C000090,2025-01-20 01:00:00,P00033,1,14.36,0.1,completed
O00001644,C000090,2025-01-22 12:00:00,P00011,3,50.54,0.1,completed
O00001645,C000090,2025-02-22 14:00:00,P00000,2,91.06,0.0,completed
O00001646,C000090,2025-03-24 13:00:00,P00014,1,9.22,0.1,completed
O00001647,C000090,2025-04-01 16:00:00,P00059,2,21.47,0.2,completed
O00001648,C000090,2025-04-04 09:00:00,P00074,2,29.9,0.0,completed
O00001649,C000090,2025-04-27 06:00:00,P00020,2,49.65,0.2,completed
O00001650,C000090,2025-05-11 11:00:00,P00055,2,18.38,0.1,completed
O00001651,C000090,2025-06-03 00:00:00,P00001,2,36.58,0.0,cancelled
O00001652,C000090,2025-06-06 01:00:00,P00067,1,12.58,0.0,refunded
O00001653,C000090,2025-06-30 05:00:00,P00035,2,51.0,0.0,completed
O00001654,C000090,2025-07-08 08:00:00,P00001,1,14.63,0.2,completed
O00001655,C000090,2025-08-06 16:00:00,P00021,3,27.27,0.0,completed
O00001656,C000090,2025-08-07 19:00:00,P00011,1,18.72,0.0,completed
O00001657,C000090,2025-09-22 04:00:00,P00017,3,14.91,0.0,completed
O00001658,C000090,2025-10-03 22:00:00,P00068,3,88.63,0.2,completed
O00001659,C000090,2025-11-07 01:00:00,P00068,3,110.79,0.0,completed
O00001660,C000090,2025-11-29 03:00:00,P00016,2,25.54,0.0,completed
O00001661,C000090,2026-01-17 18:00:00,P00079,3,116.49,0.0,completed
O00001662,C000090,2026-01-31 11:00:00,P00006,3,96.24,0.0,completed
O00001663,C000090,2026-03-01 09:00:00,P00001,2,36.58,0.0,completed
O00001664,C000090,2026-03-13 20:00:00,P00026,2,55.62,0.0,completed
O00001665,C000090,2026-04-06 16:00:00,P00030,3,30.08,0.1,completed
O00001666,C000090,2026-04-28 05:00:00,P00028,2,23.95,0.2,completed
O00001667,C000090,2026-05-11 21:00:00,P00052,1,9.71,0.2,refunded
O00001668,C000090,2026-05-29 11:00:00,P00048,3,107.25,0.0,completed
O00001669,C000090,2026-06-12 09:00:00,P00039,1,20.82,0.0,completed
O00001670,C000090,2026-06-20 03:00:00,P00034,3,78.96,0.0,completed
O00001671,C000090,2026-06-24 09:00:00,P00054,3,24.65,0.1,completed
O00001672,C000091,2024-12-26 09:00:00,P00072,1,4.54,0.0,completed
O00001673,C000091,2025-01-16 02:00:00,P00056,3,66.15,0.0,completed
O00001674,C000091,2025-02-19 01:00:00,P00032,1,14.28,0.0,completed
O00001675,C000091,2025-03-29 21:00:00,P00053,3,94.78,0.2,completed
O00001676,C000091,2025-10-19 00:00:00,P00076,1,63.51,0.0,completed
O00001677,C000091,2025-11-15 22:00:00,P00034,2,52.64,0.0,completed
O00001678,C000091,2026-02-19 09:00:00,P00072,2,9.08,0.0,completed
O00001679,C000091,2026-03-05 08:00:00,P00008,3,34.18,0.2,completed
O00001680,C000091,2026-05-28 00:00:00,P00037,1,25.12,0.0,completed
O00001681,C000092,2024-07-19 14:00:00,P00067,2,25.16,0.0,completed
O00001682,C000092,2024-08-14 14:00:00,P00053,2,78.98,0.0,completed
O00001683,C000092,2024-08-24 01:00:00,P00055,3,27.57,0.1,refunded
O00001684,C000092,2024-12-10 13:00:00,P00052,2,24.28,0.0,completed
O00001685,C000092,2025-01-10 14:00:00,P00043,2,13.79,0.2,cancelled
O00001686,C000092,2025-01-18 01:00:00,P00044,2,60.0,0.2,completed
O00001687,C000092,2025-01-19 13:00:00,P00061,1,16.95,0.0,completed
O00001688,C000092,2025-02-02 12:00:00,P00030,1,11.14,0.0,completed
O00001689,C000092,2025-02-14 00:00:00,P00009,1,33.62,0.0,completed
O00001690,C000092,2025-02-28 15:00:00,P00065,1,52.13,0.0,completed
O00001691,C000092,2025-03-08 08:00:00,P00071,1,21.61,0.0,completed
O00001692,C000092,2025-04-30 08:00:00,P00067,3,37.74,0.0,completed
O00001693,C000092,2025-05-28 09:00:00,P00054,3,27.39,0.0,completed
O00001694,C000092,2025-06-13 11:00:00,P00016,1,12.77,0.0,completed
O00001695,C000092,2025-06-17 15:00:00,P00058,3,65.13,0.0,completed
O00001696,C000092,2025-06-25 02:00:00,P00033,3,47.85,0.0,completed
O00001697,C000092,2025-08-20 04:00:00,P00013,2,35.48,0.1,completed
O00001698,C000092,2025-11-22 16:00:00,P00001,1,18.29,0.0,completed
O00001699,C000092,2025-12-04 17:00:00,P00024,2,39.76,0.0,completed
O00001700,C000092,2025-12-23 21:00:00,P00046,1,50.48,0.0,completed
O00001701,C000092,2026-01-27 10:00:00,P00068,2,73.86,0.0,completed
O00001702,C000092,2026-02-06 10:00:00,P00035,1,25.5,0.0,completed
O00001703,C000092,2026-03-03 06:00:00,P00044,3,112.5,0.0,completed
O00001704,C000092,2026-03-29 09:00:00,P00055,2,20.42,0.0,completed
O00001705,C000092,2026-04-02 04:00:00,P00065,2,83.41,0.2,completed
O00001706,C000092,2026-04-11 04:00:00,P00000,3,136.59,0.0,completed
O00001707,C000092,2026-04-13 12:00:00,P00042,3,116.91,0.0,completed
O00001708,C000092,2026-04-29 06:00:00,P00016,2,25.54,0.0,completed
O00001709,C000092,2026-05-02 08:00:00,P00025,1,24.61,0.1,completed
O00001710,C000092,2026-06-06 21:00:00,P00061,2,27.12,0.2,completed
O00001711,C000093,2024-07-16 23:00:00,P00021,1,9.09,0.0,completed
O00001712,C000093,2024-09-20 15:00:00,P00049,3,106.61,0.2,completed
O00001713,C000093,2024-11-16 02:00:00,P00006,3,96.24,0.0,completed
O00001714,C000093,2024-12-03 11:00:00,P00066,1,7.43,0.0,completed
O00001715,C000093,2025-01-16 13:00:00,P00000,2,91.06,0.0,completed
O00001716,C000093,2025-01-23 01:00:00,P00040,2,24.7,0.0,completed
O00001717,C000093,2025-02-01 10:00:00,P00049,2,88.84,0.0,completed
O00001718,C000093,2025-02-27 03:00:00,P00059,1,13.42,0.0,completed
O00001719,C000093,2025-03-31 08:00:00,P00047,1,28.49,0.0,completed
O00001720,C000094,2024-06-19 20:00:00,P00005,1,18.06,0.2,completed
O00001721,C000094,2024-09-10 23:00:00,P00052,3,36.42,0.0,completed
O00001722,C000094,2024-09-18 00:00:00,P00048,1,35.75,0.0,completed
O00001723,C000094,2024-10-03 14:00:00,P00009,3,90.77,0.1,completed
O00001724,C000094,2024-10-05 15:00:00,P00047,3,68.38,0.2,completed
O00001725,C000094,2024-10-26 01:00:00,P00012,2,26.14,0.0,completed
O00001726,C000094,2024-12-03 09:00:00,P00029,3,80.52,0.0,completed
O00001727,C000094,2024-12-09 00:00:00,P00064,1,12.02,0.0,completed
O00001728,C000094,2024-12-10 16:00:00,P00026,1,27.81,0.0,completed
O00001729,C000094,2024-12-17 16:00:00,P00029,1,26.84,0.0,completed
O00001730,C000094,2025-01-24 21:00:00,P00032,1,14.28,0.0,completed
O00001731,C000094,2025-03-20 12:00:00,P00004,1,18.5,0.0,completed
O00001732,C000094,2025-04-29 20:00:00,P00045,2,32.04,0.0,completed
O00001733,C000094,2025-06-12 07:00:00,P00075,2,43.65,0.1,completed
O00001734,C000094,2025-06-29 10:00:00,P00032,1,14.28,0.0,completed
O00001735,C000094,2025-07-21 13:00:00,P00072,3,12.26,0.1,completed
O00001736,C000094,2025-09-12 07:00:00,P00061,3,50.85,0.0,refunded
O00001737,C000094,2025-09-18 19:00:00,P00054,1,7.3,0.2,cancelled
O00001738,C000094,2025-09-23 05:00:00,P00003,2,38.66,0.2,completed
O00001739,C000094,2025-10-03 05:00:00,P00046,2,100.96,0.0,completed
O00001740,C000094,2026-01-16 13:00:00,P00073,3,63.93,0.0,completed
O00001741,C000094,2026-02-03 16:00:00,P00004,2,37.0,0.0,completed
O00001742,C000094,2026-02-14 05:00:00,P00040,3,37.05,0.0,completed
O00001743,C000094,2026-03-06 16:00:00,P00026,1,22.25,0.2,completed
O00001744,C000094,2026-03-18 22:00:00,P00057,2,112.1,0.0,completed
O00001745,C000095,2024-11-15 12:00:00,P00068,3,88.63,0.2,completed
O00001746,C000095,2025-01-24 05:00:00,P00031,2,8.87,0.1,completed
O00001747,C000095,2025-01-31 05:00:00,P00054,3,24.65,0.1,completed
O00001748,C000095,2025-02-01 09:00:00,P00004,1,14.8,0.2,completed
O00001749,C000095,2025-03-27 20:00:00,P00075,3,65.48,0.1,completed
O00001750,C000096,2024-08-29 06:00:00,P00073,1,21.31,0.0,completed
O00001751,C000096,2024-09-22 22:00:00,P00056,3,52.92,0.2,cancelled
O00001752,C000096,2024-10-20 19:00:00,P00061,2,30.51,0.1,completed
O00001753,C000096,2024-10-29 01:00:00,P00005,1,22.57,0.0,completed
O00001754,C000096,2024-11-16 14:00:00,P00018,1,12.44,0.0,completed
O00001755,C000097,2025-01-18 08:00:00,P00034,2,42.11,0.2,completed
O00001756,C000097,2025-05-03 13:00:00,P00021,2,14.54,0.2,completed
O00001757,C000097,2025-06-08 02:00:00,P00012,1,13.07,0.0,completed
O00001758,C000098,2024-07-09 19:00:00,P00006,2,57.74,0.1,completed
O00001759,C000098,2024-09-05 21:00:00,P00044,2,60.0,0.2,completed
O00001760,C000098,2024-10-05 10:00:00,P00040,2,19.76,0.2,completed
O00001761,C000099,2025-08-11 15:00:00,P00077,3,103.9,0.2,completed
O00001762,C000099,2025-08-23 21:00:00,P00039,1,20.82,0.0,completed
O00001763,C000099,2025-09-05 04:00:00,P00073,2,34.1,0.2,completed
O00001764,C000099,2025-09-06 16:00:00,P00066,3,22.29,0.0,completed
O00001765,C000099,2025-09-07 09:00:00,P00015,3,32.7,0.0,completed
O00001766,C000099,2025-09-07 22:00:00,P00063,1,20.61,0.2,completed
O00001767,C000099,2025-09-10 16:00:00,P00036,3,45.27,0.0,completed
O00001768,C000099,2025-09-29 13:00:00,P00027,2,29.65,0.2,completed
O00001769,C000099,2025-09-30 16:00:00,P00019,1,17.0,0.0,completed
O00001770,C000099,2025-10-03 03:00:00,P00018,3,33.59,0.1,completed
O00001771,C000099,2025-10-05 14:00:00,P00061,1,16.95,0.0,completed
O00001772,C000099,2025-10-20 05:00:00,P00059,1,13.42,0.0,completed
O00001773,C000099,2025-11-06 11:00:00,P00042,1,38.97,0.0,completed
O00001774,C000099,2025-11-06 12:00:00,P00026,2,44.5,0.2,completed
O00001775,C000099,2025-11-20 13:00:00,P00029,2,42.94,0.2,completed
O00001776,C000099,2025-11-26 13:00:00,P00000,2,81.95,0.1,completed
O00001777,C000099,2025-11-29 10:00:00,P00004,2,37.0,0.0,completed
O00001778,C000099,2025-12-05 19:00:00,P00012,1,10.46,0.2,completed
O00001779,C000099,2025-12-09 22:00:00,P00012,1,10.46,0.2,completed
O00001780,C000099,2025-12-12 21:00:00,P00065,3,156.39,0.0,completed
O00001781,C000099,2025-12-15 07:00:00,P00030,2,20.05,0.1,completed
O00001782,C000099,2025-12-28 17:00:00,P00039,2,41.64,0.0,completed
O00001783,C000099,2026-01-13 16:00:00,P00015,3,32.7,0.0,completed
O00001784,C000099,2026-01-22 05:00:00,P00073,1,17.05,0.2,completed
O00001785,C000099,2026-02-04 15:00:00,P00023,1,31.27,0.0,completed
O00001786,C000099,2026-02-10 00:00:00,P00015,2,21.8,0.0,refunded
O00001787,C000099,2026-02-13 19:00:00,P00022,1,23.44,0.0,completed
O00001788,C000099,2026-02-15 10:00:00,P00019,1,15.3,0.1,completed
O00001789,C000099,2026-02-16 06:00:00,P00061,3,50.85,0.0,completed
O00001790,C000099,2026-02-19 01:00:00,P00047,1,25.64,0.1,completed
O00001791,C000099,2026-02-25 05:00:00,P00017,3,11.93,0.2,completed
O00001792,C000099,2026-02-28 14:00:00,P00055,3,30.63,0.0,completed
O00001793,C000099,2026-03-08 23:00:00,P00019,2,27.2,0.2,completed
O00001794,C000099,2026-03-22 21:00:00,P00046,2,100.96,0.0,completed
O00001795,C000099,2026-04-09 15:00:00,P00017,2,9.94,0.0,completed
O00001796,C000099,2026-04-16 12:00:00,P00016,3,38.31,0.0,completed
O00001797,C000099,2026-04-27 17:00:00,P00070,3,20.55,0.0,completed
O00001798,C000099,2026-04-28 09:00:00,P00006,3,76.99,0.2,completed
O00001799,C000099,2026-05-02 16:00:00,P00078,1,18.48,0.0,completed
O00001800,C000099,2026-05-05 15:00:00,P00033,1,15.95,0.0,completed
O00001801,C000099,2026-05-10 23:00:00,P00040,2,24.7,0.0,completed
O00001802,C000099,2026-05-12 17:00:00,P00049,3,133.26,0.0,completed
O00001803,C000099,2026-05-13 03:00:00,P00024,3,47.71,0.2,completed
O00001804,C000099,2026-05-18 20:00:00,P00011,2,37.44,0.0,completed
O00001805,C000099,2026-05-21 08:00:00,P00030,3,30.08,0.1,completed
O00001806,C000099,2026-05-24 05:00:00,P00035,2,51.0,0.0,completed
O00001807,C000099,2026-05-28 20:00:00,P00073,2,42.62,0.0,completed
O00001808,C000099,2026-06-13 10:00:00,P00066,3,20.06,0.1,completed
O00001809,C000099,2026-06-17 17:00:00,P00068,1,36.93,0.0,completed
O00001810,C000099,2026-06-20 09:00:00,P00043,1,8.62,0.0,completed
O00001811,C000100,2025-06-29 13:00:00,P00048,1,32.18,0.1,completed
O00001812,C000100,2025-08-09 05:00:00,P00042,2,77.94,0.0,completed
O00001813,C000100,2025-12-09 12:00:00,P00046,1,50.48,0.0,completed
O00001814,C000100,2025-12-09 18:00:00,P00027,3,55.59,0.0,completed
O00001815,C000100,2025-12-23 14:00:00,P00007,3,160.89,0.0,completed
O00001816,C000100,2026-01-12 02:00:00,P00036,2,30.18,0.0,refunded
O00001817,C000100,2026-03-10 07:00:00,P00005,3,60.94,0.1,completed
O00001818,C000100,2026-04-27 17:00:00,P00024,2,31.81,0.2,completed
O00001819,C000101,2025-05-07 18:00:00,P00060,1,28.95,0.2,completed
O00001820,C000101,2025-10-18 22:00:00,P00016,2,25.54,0.0,completed
O00001821,C000101,2026-01-31 04:00:00,P00052,3,29.14,0.2,completed
O00001822,C000101,2026-02-23 06:00:00,P00014,3,30.72,0.0,completed
O00001823,C000101,2026-03-26 08:00:00,P00010,3,47.17,0.1,completed
O00001824,C000101,2026-04-09 05:00:00,P00052,2,24.28,0.0,completed
O00001825,C000101,2026-04-26 00:00:00,P00038,2,89.06,0.0,refunded
O00001826,C000102,2024-07-15 20:00:00,P00028,2,26.95,0.1,completed
O00001827,C000102,2024-08-09 13:00:00,P00006,1,32.08,0.0,completed
O00001828,C000102,2024-10-01 06:00:00,P00065,2,83.41,0.2,completed
O00001829,C000102,2024-12-15 04:00:00,P00064,2,24.04,0.0,completed
O00001830,C000102,2024-12-19 03:00:00,P00054,3,27.39,0.0,completed
O00001831,C000102,2024-12-27 08:00:00,P00073,1,21.31,0.0,completed
O00001832,C000102,2025-02-10 09:00:00,P00001,1,14.63,0.2,completed
O00001833,C000102,2025-02-26 22:00:00,P00057,3,151.33,0.1,completed
O00001834,C000102,2025-08-17 16:00:00,P00061,2,30.51,0.1,completed
O00001835,C000102,2025-08-31 13:00:00,P00032,1,14.28,0.0,completed
O00001836,C000103,2025-09-10 06:00:00,P00012,1,13.07,0.0,completed
O00001837,C000103,2025-11-19 00:00:00,P00019,2,30.6,0.1,completed
O00001838,C000103,2025-12-05 03:00:00,P00030,2,22.28,0.0,completed
O00001839,C000103,2025-12-21 10:00:00,P00013,2,39.42,0.0,completed
O00001840,C000103,2026-01-18 06:00:00,P00064,1,12.02,0.0,completed
O00001841,C000103,2026-03-04 06:00:00,P00032,2,28.56,0.0,completed
O00001842,C000103,2026-03-16 20:00:00,P00077,1,43.29,0.0,completed
O00001843,C000103,2026-05-02 14:00:00,P00025,3,73.82,0.1,completed
O00001844,C000103,2026-06-14 16:00:00,P00045,1,16.02,0.0,cancelled
O00001845,C000104,2025-03-18 21:00:00,P00003,3,72.48,0.0,cancelled
O00001846,C000104,2025-04-05 22:00:00,P00070,3,16.44,0.2,completed
O00001847,C000104,2025-08-13 20:00:00,P00028,1,14.97,0.0,completed
O00001848,C000104,2025-10-06 14:00:00,P00028,2,23.95,0.2,completed
O00001849,C000104,2026-01-05 11:00:00,P00057,1,56.05,0.0,completed
O00001850,C000104,2026-01-29 13:00:00,P00074,1,14.95,0.0,refunded
O00001851,C000104,2026-03-18 05:00:00,P00039,2,41.64,0.0,completed
O00001852,C000104,2026-04-22 17:00:00,P00022,1,18.75,0.2,completed
O00001853,C000104,2026-06-09 08:00:00,P00040,3,37.05,0.0,completed
O00001854,C000105,2025-01-01 01:00:00,P00074,3,35.88,0.2,completed
O00001855,C000105,2025-01-08 05:00:00,P00044,2,75.0,0.0,completed
O00001856,C000105,2025-01-23 19:00:00,P00008,2,22.78,0.2,cancelled
O00001857,C000105,2025-01-28 02:00:00,P00068,2,73.86,0.0,completed
O00001858,C000105,2025-02-18 10:00:00,P00025,3,73.82,0.1,completed
O00001859,C000105,2025-02-21 10:00:00,P00002,3,78.1,0.2,completed
O00001860,C000105,2025-03-11 02:00:00,P00062,3,96.99,0.0,completed
O00001861,C000105,2025-04-20 00:00:00,P00050,2,100.5,0.0,completed
O00001862,C000105,2025-04-24 18:00:00,P00004,3,44.4,0.2,completed
O00001863,C000105,2025-04-28 03:00:00,P00030,1,11.14,0.0,completed
O00001864,C000105,2025-05-21 06:00:00,P00006,3,76.99,0.2,completed
O00001865,C000105,2025-05-31 10:00:00,P00031,2,9.86,0.0,completed
O00001866,C000105,2025-08-16 20:00:00,P00078,2,36.96,0.0,completed
O00001867,C000105,2025-08-17 18:00:00,P00050,1,45.22,0.1,completed
O00001868,C000105,2025-09-02 19:00:00,P00011,2,29.95,0.2,completed
O00001869,C000105,2025-09-06 08:00:00,P00069,2,351.54,0.0,completed
O00001870,C000105,2025-09-13 22:00:00,P00019,2,34.0,0.0,completed
O00001871,C000105,2025-09-24 07:00:00,P00075,3,65.48,0.1,completed
O00001872,C000105,2025-10-28 21:00:00,P00062,2,64.66,0.0,completed
O00001873,C000105,2025-11-20 04:00:00,P00075,2,43.65,0.1,completed
O00001874,C000105,2026-01-05 03:00:00,P00048,3,96.52,0.1,completed
O00001875,C000105,2026-01-13 17:00:00,P00024,1,19.88,0.0,completed
O00001876,C000105,2026-02-07 08:00:00,P00037,1,25.12,0.0,completed
O00001877,C000105,2026-02-20 02:00:00,P00034,2,52.64,0.0,completed
O00001878,C000105,2026-03-14 12:00:00,P00073,1,21.31,0.0,completed
O00001879,C000105,2026-03-18 15:00:00,P00013,1,15.77,0.2,completed
O00001880,C000105,2026-05-17 04:00:00,P00021,3,21.82,0.2,completed
O00001881,C000105,2026-06-28 04:00:00,P00020,1,31.03,0.0,completed
O00001882,C000106,2024-07-16 12:00:00,P00011,1,18.72,0.0,completed
O00001883,C000106,2024-07-29 15:00:00,P00016,3,38.31,0.0,completed
O00001884,C000106,2024-11-05 14:00:00,P00046,3,121.15,0.2,completed
O00001885,C000106,2024-11-07 14:00:00,P00038,3,133.59,0.0,completed
O00001886,C000106,2024-12-12 16:00:00,P00021,2,18.18,0.0,completed
O00001887,C000106,2024-12-22 20:00:00,P00014,3,30.72,0.0,completed
O00001888,C000106,2025-01-31 10:00:00,P00075,2,38.8,0.2,completed
O00001889,C000106,2025-07-13 07:00:00,P00015,2,21.8,0.0,completed
O00001890,C000106,2025-07-17 09:00:00,P00040,3,37.05,0.0,completed
O00001891,C000106,2025-09-09 03:00:00,P00056,1,22.05,0.0,completed
O00001892,C000106,2025-12-16 18:00:00,P00023,1,31.27,0.0,completed
O00001893,C000106,2025-12-23 12:00:00,P00071,1,19.45,0.1,completed
O00001894,C000106,2026-03-09 13:00:00,P00032,3,34.27,0.2,completed
O00001895,C000106,2026-04-05 23:00:00,P00050,3,150.75,0.0,completed
O00001896,C000106,2026-04-21 07:00:00,P00033,1,14.36,0.1,completed
O00001897,C000106,2026-06-22 05:00:00,P00061,1,13.56,0.2,completed
O00001898,C000107,2024-05-16 23:00:00,P00009,1,33.62,0.0,completed
O00001899,C000107,2024-05-25 10:00:00,P00022,3,70.32,0.0,completed
O00001900,C000107,2024-05-29 02:00:00,P00045,1,16.02,0.0,completed
O00001901,C000107,2024-06-05 08:00:00,P00073,3,63.93,0.0,completed
O00001902,C000107,2024-06-12 16:00:00,P00059,2,26.84,0.0,cancelled
O00001903,C000107,2024-06-29 22:00:00,P00055,1,10.21,0.0,completed
O00001904,C000107,2024-07-04 07:00:00,P00009,1,33.62,0.0,completed
O00001905,C000107,2024-07-12 15:00:00,P00016,3,38.31,0.0,completed
O00001906,C000107,2024-07-12 16:00:00,P00006,2,64.16,0.0,completed
O00001907,C000107,2024-07-29 15:00:00,P00077,3,129.87,0.0,completed
O00001908,C000107,2024-08-12 06:00:00,P00005,3,67.71,0.0,completed
O00001909,C000107,2024-09-16 06:00:00,P00077,2,69.26,0.2,completed
O00001910,C000107,2024-10-06 11:00:00,P00057,3,168.15,0.0,completed
O00001911,C000107,2024-10-06 14:00:00,P00033,1,15.95,0.0,completed
O00001912,C000107,2024-10-15 17:00:00,P00074,2,29.9,0.0,completed
O00001913,C000107,2024-10-17 13:00:00,P00019,2,34.0,0.0,completed
O00001914,C000107,2024-11-16 07:00:00,P00070,3,18.49,0.1,completed
O00001915,C000107,2024-11-26 03:00:00,P00052,2,19.42,0.2,completed
O00001916,C000107,2025-01-07 02:00:00,P00052,1,10.93,0.1,completed
O00001917,C000107,2025-02-15 03:00:00,P00048,1,35.75,0.0,completed
O00001918,C000107,2025-04-01 05:00:00,P00051,3,101.52,0.2,completed
O00001919,C000107,2025-06-03 13:00:00,P00075,2,48.5,0.0,completed
O00001920,C000107,2025-08-17 07:00:00,P00047,2,56.98,0.0,completed
O00001921,C000107,2025-09-02 19:00:00,P00032,2,28.56,0.0,completed
O00001922,C000107,2025-12-02 15:00:00,P00057,1,44.84,0.2,completed
O00001923,C000107,2025-12-23 07:00:00,P00058,2,43.42,0.0,completed
O00001924,C000107,2026-02-14 05:00:00,P00066,3,17.83,0.2,completed
O00001925,C000107,2026-03-21 12:00:00,P00068,2,59.09,0.2,completed
O00001926,C000107,2026-03-31 19:00:00,P00021,1,8.18,0.1,completed
O00001927,C000107,2026-04-24 08:00:00,P00055,3,30.63,0.0,completed
O00001928,C000107,2026-05-29 03:00:00,P00005,2,36.11,0.2,completed
O00001929,C000107,2026-06-01 12:00:00,P00033,1,14.36,0.1,completed
O00001930,C000108,2024-04-10 19:00:00,P00079,1,38.83,0.0,completed
O00001931,C000108,2024-06-17 22:00:00,P00074,3,44.85,0.0,completed
O00001932,C000108,2024-07-14 03:00:00,P00029,2,48.31,0.1,completed
O00001933,C000108,2024-08-26 14:00:00,P00028,1,13.47,0.1,completed
O00001934,C000108,2024-09-05 17:00:00,P00041,1,16.03,0.1,completed
O00001935,C000108,2024-09-29 10:00:00,P00076,3,190.53,0.0,completed
O00001936,C000108,2024-11-06 17:00:00,P00067,1,12.58,0.0,completed
O00001937,C000108,2024-12-26 09:00:00,P00000,1,45.53,0.0,completed
O00001938,C000108,2025-03-24 15:00:00,P00040,1,12.35,0.0,completed
O00001939,C000108,2025-04-21 16:00:00,P00023,1,25.02,0.2,completed
O00001940,C000109,2025-07-21 08:00:00,P00032,1,14.28,0.0,completed
O00001941,C000110,2024-07-10 16:00:00,P00074,3,40.36,0.1,completed
O00001942,C000110,2024-07-21 02:00:00,P00049,3,106.61,0.2,completed
O00001943,C000110,2024-07-27 21:00:00,P00044,2,67.5,0.1,refunded
O00001944,C000110,2024-08-16 06:00:00,P00059,1,13.42,0.0,completed
O00001945,C000110,2024-08-28 01:00:00,P00006,3,76.99,0.2,completed
O00001946,C000110,2024-10-19 10:00:00,P00055,1,8.17,0.2,completed
O00001947,C000110,2024-10-20 05:00:00,P00040,1,12.35,0.0,completed
O00001948,C000110,2024-10-26 09:00:00,P00062,2,51.73,0.2,completed
O00001949,C000110,2024-11-05 06:00:00,P00045,3,48.06,0.0,completed
O00001950,C000110,2024-11-07 17:00:00,P00076,2,127.02,0.0,refunded
O00001951,C000110,2024-12-22 00:00:00,P00039,1,20.82,0.0,completed
O00001952,C000110,2024-12-28 08:00:00,P00060,3,86.86,0.2,completed
O00001953,C000110,2025-01-05 04:00:00,P00071,1,21.61,0.0,completed
O00001954,C000110,2025-01-10 11:00:00,P00038,2,89.06,0.0,completed
O00001955,C000110,2025-01-16 02:00:00,P00065,1,52.13,0.0,completed
O00001956,C000110,2025-01-28 22:00:00,P00036,2,27.16,0.1,completed
O00001957,C000110,2025-01-29 13:00:00,P00015,2,21.8,0.0,completed
O00001958,C000110,2025-02-23 05:00:00,P00068,2,73.86,0.0,completed
O00001959,C000110,2025-04-28 16:00:00,P00069,2,316.39,0.1,refunded
O00001960,C000110,2025-05-06 21:00:00,P00009,1,33.62,0.0,completed
O00001961,C000110,2025-05-31 03:00:00,P00059,1,10.74,0.2,completed
O00001962,C000110,2025-06-09 23:00:00,P00064,3,36.06,0.0,completed
O00001963,C000110,2025-07-10 22:00:00,P00067,3,33.97,0.1,completed
O00001964,C000110,2025-08-08 18:00:00,P00029,2,48.31,0.1,completed
O00001965,C000110,2025-09-12 22:00:00,P00008,2,25.63,0.1,completed
O00001966,C000110,2025-09-21 18:00:00,P00059,2,26.84,0.0,completed
O00001967,C000110,2025-09-24 22:00:00,P00051,3,101.52,0.2,completed
O00001968,C000110,2025-10-18 01:00:00,P00043,1,7.76,0.1,completed
O00001969,C000110,2025-10-19 00:00:00,P00078,1,16.63,0.1,completed
O00001970,C000110,2025-11-01 11:00:00,P00027,2,37.06,0.0,completed
O00001971,C000111,2024-04-23 04:00:00,P00016,2,25.54,0.0,completed
O00001972,C000111,2024-07-04 15:00:00,P00000,1,45.53,0.0,cancelled
O00001973,C000111,2024-07-16 07:00:00,P00059,3,36.23,0.1,completed
O00001974,C000111,2024-08-19 15:00:00,P00055,2,20.42,0.0,completed
O00001975,C000111,2024-10-13 21:00:00,P00057,2,89.68,0.2,refunded
O00001976,C000111,2024-10-28 14:00:00,P00057,3,134.52,0.2,completed
O00001977,C000111,2024-11-30 08:00:00,P00067,3,37.74,0.0,completed
O00001978,C000111,2025-01-07 00:00:00,P00050,1,40.2,0.2,completed
O00001979,C000111,2025-04-05 07:00:00,P00076,3,190.53,0.0,completed
O00001980,C000111,2025-04-15 23:00:00,P00018,1,12.44,0.0,completed
O00001981,C000111,2025-04-27 14:00:00,P00033,2,31.9,0.0,completed
O00001982,C000111,2025-05-24 23:00:00,P00036,3,36.22,0.2,completed
O00001983,C000111,2025-08-03 00:00:00,P00020,1,27.93,0.1,completed
O00001984,C000111,2025-10-04 10:00:00,P00007,3,160.89,0.0,completed
O00001985,C000111,2025-10-11 10:00:00,P00050,2,100.5,0.0,completed
O00001986,C000111,2025-11-17 02:00:00,P00074,2,26.91,0.1,completed
O00001987,C000111,2026-01-04 02:00:00,P00030,3,26.74,0.2,completed
O00001988,C000111,2026-01-13 13:00:00,P00058,3,65.13,0.0,completed
O00001989,C000111,2026-01-26 00:00:00,P00040,3,33.34,0.1,completed
O00001990,C000111,2026-02-26 04:00:00,P00074,1,14.95,0.0,completed
O00001991,C000111,2026-03-13 02:00:00,P00050,3,120.6,0.2,completed
O00001992,C000111,2026-03-13 18:00:00,P00015,3,32.7,0.0,completed
O00001993,C000111,2026-03-27 09:00:00,P00072,3,12.26,0.1,completed
O00001994,C000111,2026-04-26 05:00:00,P00040,1,11.12,0.1,completed
O00001995,C000111,2026-04-27 20:00:00,P00068,2,73.86,0.0,completed
O00001996,C000111,2026-05-18 12:00:00,P00021,1,9.09,0.0,completed
O00001997,C000111,2026-05-21 09:00:00,P00038,2,89.06,0.0,cancelled
O00001998,C000111,2026-06-15 12:00:00,P00047,3,85.47,0.0,completed
O00001999,C000111,2026-06-27 15:00:00,P00047,1,22.79,0.2,completed
O00002000,C000112,2024-05-06 08:00:00,P00057,3,168.15,0.0,completed
O00002001,C000112,2024-06-05 05:00:00,P00029,2,42.94,0.2,completed
O00002002,C000112,2024-07-14 13:00:00,P00019,1,17.0,0.0,completed
O00002003,C000112,2024-07-20 05:00:00,P00032,1,12.85,0.1,completed
O00002004,C000112,2024-08-08 13:00:00,P00053,1,39.49,0.0,completed
O00002005,C000112,2024-09-29 03:00:00,P00048,2,71.5,0.0,completed
O00002006,C000112,2024-10-03 13:00:00,P00027,1,14.82,0.2,completed
O00002007,C000112,2024-10-05 03:00:00,P00063,3,69.55,0.1,completed
O00002008,C000112,2024-10-14 21:00:00,P00012,3,35.29,0.1,completed
O00002009,C000112,2024-11-07 07:00:00,P00009,3,100.86,0.0,completed
O00002010,C000112,2024-11-29 06:00:00,P00079,1,31.06,0.2,completed
O00002011,C000112,2025-01-13 10:00:00,P00037,1,22.61,0.1,completed
O00002012,C000112,2025-01-23 16:00:00,P00000,1,45.53,0.0,completed
O00002013,C000112,2025-02-18 22:00:00,P00024,1,19.88,0.0,completed
O00002014,C000112,2025-02-19 22:00:00,P00010,2,34.94,0.0,completed
O00002015,C000112,2025-03-20 18:00:00,P00062,2,64.66,0.0,completed
O00002016,C000112,2025-04-07 20:00:00,P00069,3,527.31,0.0,refunded
O00002017,C000112,2025-05-11 02:00:00,P00034,3,63.17,0.2,completed
O00002018,C000112,2025-06-28 02:00:00,P00030,1,11.14,0.0,refunded
O00002019,C000112,2025-07-26 23:00:00,P00031,3,14.79,0.0,completed
O00002020,C000112,2025-08-10 03:00:00,P00015,3,32.7,0.0,completed
O00002021,C000112,2025-08-12 03:00:00,P00011,2,37.44,0.0,completed
O00002022,C000112,2025-08-25 23:00:00,P00079,1,31.06,0.2,completed
O00002023,C000112,2025-08-29 22:00:00,P00007,3,160.89,0.0,completed
O00002024,C000112,2025-09-18 00:00:00,P00064,2,24.04,0.0,completed
O00002025,C000112,2025-09-21 20:00:00,P00078,3,44.35,0.2,completed
O00002026,C000112,2025-09-23 21:00:00,P00019,1,13.6,0.2,completed
O00002027,C000112,2025-09-25 07:00:00,P00010,2,27.95,0.2,completed
O00002028,C000112,2025-09-27 19:00:00,P00011,1,14.98,0.2,completed
O00002029,C000112,2025-11-02 16:00:00,P00002,1,32.54,0.0,completed
O00002030,C000112,2025-11-13 03:00:00,P00007,3,160.89,0.0,completed
O00002031,C000112,2025-11-15 23:00:00,P00005,1,22.57,0.0,completed
O00002032,C000112,2025-11-19 22:00:00,P00026,1,25.03,0.1,refunded
O00002033,C000112,2026-01-01 08:00:00,P00077,1,34.63,0.2,completed
O00002034,C000112,2026-01-12 12:00:00,P00027,1,18.53,0.0,completed
O00002035,C000112,2026-01-23 09:00:00,P00012,1,10.46,0.2,completed
O00002036,C000112,2026-02-11 19:00:00,P00054,2,18.26,0.0,completed
O00002037,C000112,2026-02-16 02:00:00,P00059,3,40.26,0.0,completed
O00002038,C000112,2026-02-20 15:00:00,P00045,1,16.02,0.0,completed
O00002039,C000112,2026-02-25 11:00:00,P00003,3,72.48,0.0,completed
O00002040,C000112,2026-02-25 03:00:00,P00004,2,37.0,0.0,completed
O00002041,C000112,2026-04-04 03:00:00,P00073,2,42.62,0.0,completed
O00002042,C000113,2025-03-28 03:00:00,P00025,3,82.02,0.0,completed
O00002043,C000113,2025-10-05 21:00:00,P00037,1,25.12,0.0,completed
O00002044,C000114,2024-03-21 21:00:00,P00006,1,32.08,0.0,completed
O00002045,C000114,2024-03-30 04:00:00,P00028,3,44.91,0.0,completed
O00002046,C000114,2024-04-04 00:00:00,P00034,2,52.64,0.0,completed
O00002047,C000114,2024-05-25 12:00:00,P00067,1,11.32,0.1,completed
O00002048,C000114,2024-07-04 01:00:00,P00072,1,4.54,0.0,completed
O00002049,C000114,2024-07-17 23:00:00,P00016,2,25.54,0.0,completed
O00002050,C000114,2024-08-03 20:00:00,P00011,2,37.44,0.0,completed
O00002051,C000114,2024-08-26 19:00:00,P00062,3,87.29,0.1,completed
O00002052,C000114,2024-09-02 09:00:00,P00070,3,20.55,0.0,completed
O00002053,C000114,2024-09-24 19:00:00,P00041,2,35.62,0.0,completed
O00002054,C000114,2024-10-21 08:00:00,P00027,1,14.82,0.2,completed
O00002055,C000114,2024-11-07 19:00:00,P00053,1,35.54,0.1,completed
O00002056,C000114,2024-11-13 23:00:00,P00044,3,90.0,0.2,completed
O00002057,C000114,2024-12-08 21:00:00,P00010,3,52.41,0.0,completed
O00002058,C000114,2024-12-09 04:00:00,P00031,1,4.93,0.0,completed
O00002059,C000114,2024-12-23 19:00:00,P00074,2,26.91,0.1,completed
O00002060,C000114,2025-02-14 18:00:00,P00044,1,30.0,0.2,completed
O00002061,C000114,2025-02-18 23:00:00,P00031,1,4.93,0.0,completed
O00002062,C000114,2025-04-06 16:00:00,P00024,1,17.89,0.1,completed
O00002063,C000114,2025-04-25 05:00:00,P00054,1,8.22,0.1,completed
O00002064,C000114,2025-05-31 23:00:00,P00006,3,96.24,0.0,completed
O00002065,C000114,2025-06-16 15:00:00,P00070,2,13.7,0.0,completed
O00002066,C000114,2025-07-22 08:00:00,P00069,1,158.19,0.1,completed
O00002067,C000114,2025-07-23 21:00:00,P00028,2,29.94,0.0,completed
O00002068,C000114,2025-07-24 05:00:00,P00037,3,75.36,0.0,completed
O00002069,C000114,2025-09-20 21:00:00,P00058,2,43.42,0.0,completed
O00002070,C000114,2025-09-25 02:00:00,P00075,3,72.75,0.0,refunded
O00002071,C000114,2025-10-03 07:00:00,P00007,1,42.9,0.2,completed
O00002072,C000114,2025-10-11 20:00:00,P00043,2,17.24,0.0,completed
O00002073,C000114,2025-10-14 00:00:00,P00021,2,14.54,0.2,completed
O00002074,C000114,2025-10-14 18:00:00,P00070,1,6.16,0.1,completed
O00002075,C000114,2025-12-03 21:00:00,P00035,2,51.0,0.0,completed
O00002076,C000114,2025-12-03 04:00:00,P00018,2,22.39,0.1,completed
O00002077,C000114,2025-12-14 16:00:00,P00014,3,30.72,0.0,completed
O00002078,C000114,2025-12-23 18:00:00,P00025,2,54.68,0.0,completed
O00002079,C000114,2026-02-03 17:00:00,P00015,1,10.9,0.0,completed
O00002080,C000114,2026-03-05 06:00:00,P00008,1,11.39,0.2,completed
O00002081,C000114,2026-04-15 07:00:00,P00055,2,18.38,0.1,completed
O00002082,C000114,2026-06-06 21:00:00,P00046,2,100.96,0.0,completed
O00002083,C000114,2026-06-24 01:00:00,P00063,3,61.82,0.2,completed
O00002084,C000115,2025-04-01 23:00:00,P00034,1,21.06,0.2,completed
O00002085,C000115,2025-04-05 11:00:00,P00011,3,56.16,0.0,completed
O00002086,C000115,2025-04-13 23:00:00,P00012,1,13.07,0.0,completed
O00002087,C000115,2025-04-15 18:00:00,P00042,3,93.53,0.2,completed
O00002088,C000115,2025-05-05 08:00:00,P00038,2,89.06,0.0,cancelled
O00002089,C000115,2025-05-08 19:00:00,P00035,1,25.5,0.0,completed
O00002090,C000115,2025-05-18 00:00:00,P00047,2,56.98,0.0,completed
O00002091,C000115,2025-05-30 11:00:00,P00048,3,107.25,0.0,completed
O00002092,C000115,2025-06-10 01:00:00,P00060,3,108.57,0.0,completed
O00002093,C000115,2025-06-11 04:00:00,P00034,2,52.64,0.0,completed
O00002094,C000115,2025-06-13 23:00:00,P00014,2,20.48,0.0,completed
O00002095,C000115,2025-06-28 06:00:00,P00069,3,527.31,0.0,completed
O00002096,C000115,2025-07-18 21:00:00,P00002,1,32.54,0.0,completed
O00002097,C000115,2025-07-21 15:00:00,P00022,1,23.44,0.0,completed
O00002098,C000115,2025-07-24 10:00:00,P00071,3,51.86,0.2,completed
O00002099,C000115,2025-07-29 04:00:00,P00052,3,36.42,0.0,completed
O00002100,C000115,2025-07-31 21:00:00,P00013,1,15.77,0.2,completed
O00002101,C000115,2025-08-02 22:00:00,P00008,3,42.72,0.0,completed
O00002102,C000115,2025-08-12 07:00:00,P00027,1,18.53,0.0,completed
O00002103,C000115,2025-08-12 08:00:00,P00070,3,20.55,0.0,completed
O00002104,C000115,2025-08-18 16:00:00,P00069,2,351.54,0.0,completed
O00002105,C000115,2025-08-18 08:00:00,P00068,1,36.93,0.0,completed
O00002106,C000115,2025-08-19 19:00:00,P00028,2,29.94,0.0,completed
O00002107,C000115,2025-08-20 10:00:00,P00046,3,151.44,0.0,completed
O00002108,C000115,2025-08-30 10:00:00,P00030,3,33.42,0.0,completed
O00002109,C000115,2025-09-05 06:00:00,P00027,1,18.53,0.0,completed
O00002110,C000115,2025-09-09 15:00:00,P00074,1,14.95,0.0,completed
O00002111,C000115,2025-09-12 12:00:00,P00073,3,57.54,0.1,completed
O00002112,C000115,2025-09-14 22:00:00,P00009,3,90.77,0.1,completed
O00002113,C000115,2025-09-30 22:00:00,P00053,3,118.47,0.0,cancelled
O00002114,C000115,2025-10-07 21:00:00,P00058,3,65.13,0.0,completed
O00002115,C000115,2025-10-12 17:00:00,P00058,3,58.62,0.1,completed
O00002116,C000115,2025-10-31 20:00:00,P00076,1,63.51,0.0,completed
O00002117,C000115,2025-11-02 03:00:00,P00063,1,23.18,0.1,completed
O00002118,C000115,2025-11-03 22:00:00,P00079,2,62.13,0.2,completed
O00002119,C000115,2025-11-17 11:00:00,P00032,2,22.85,0.2,refunded
O00002120,C000115,2025-11-30 21:00:00,P00034,3,78.96,0.0,completed
O00002121,C000115,2025-12-21 03:00:00,P00034,2,47.38,0.1,completed
O00002122,C000115,2026-01-18 04:00:00,P00001,3,54.87,0.0,completed
O00002123,C000115,2026-01-24 08:00:00,P00000,1,36.42,0.2,completed
O00002124,C000115,2026-02-17 05:00:00,P00032,1,14.28,0.0,completed
O00002125,C000115,2026-02-24 14:00:00,P00059,1,10.74,0.2,completed
O00002126,C000115,2026-03-02 01:00:00,P00063,1,25.76,0.0,completed
O00002127,C000115,2026-03-29 18:00:00,P00045,1,14.42,0.1,completed
O00002128,C000115,2026-04-02 00:00:00,P00018,1,11.2,0.1,completed
O00002129,C000115,2026-04-07 23:00:00,P00073,3,63.93,0.0,completed
O00002130,C000115,2026-04-08 03:00:00,P00059,1,13.42,0.0,refunded
O00002131,C000115,2026-04-11 03:00:00,P00069,2,316.39,0.1,completed
O00002132,C000115,2026-04-26 10:00:00,P00074,2,29.9,0.0,completed
O00002133,C000115,2026-04-26 20:00:00,P00013,2,35.48,0.1,completed
O00002134,C000115,2026-05-03 13:00:00,P00037,3,75.36,0.0,completed
O00002135,C000115,2026-05-10 01:00:00,P00071,2,43.22,0.0,completed
O00002136,C000115,2026-05-20 08:00:00,P00071,1,19.45,0.1,completed
O00002137,C000115,2026-05-23 23:00:00,P00039,2,33.31,0.2,completed
O00002138,C000115,2026-05-23 11:00:00,P00077,2,86.58,0.0,completed
O00002139,C000115,2026-06-03 21:00:00,P00033,1,14.36,0.1,completed
O00002140,C000115,2026-06-06 06:00:00,P00077,2,77.92,0.1,completed
O00002141,C000115,2026-06-12 21:00:00,P00009,3,80.69,0.2,completed
O00002142,C000115,2026-06-23 04:00:00,P00039,1,20.82,0.0,completed
O00002143,C000116,2025-04-15 16:00:00,P00014,1,10.24,0.0,completed
O00002144,C000117,2024-12-11 05:00:00,P00012,2,26.14,0.0,completed
O00002145,C000117,2024-12-12 19:00:00,P00033,2,28.71,0.1,completed
O00002146,C000117,2024-12-13 08:00:00,P00017,3,14.91,0.0,completed
O00002147,C000117,2025-01-02 15:00:00,P00017,3,11.93,0.2,completed
O00002148,C000117,2025-01-04 08:00:00,P00036,2,30.18,0.0,completed
O00002149,C000117,2025-01-30 04:00:00,P00043,2,13.79,0.2,completed
O00002150,C000117,2025-02-03 06:00:00,P00020,1,31.03,0.0,completed
O00002151,C000117,2025-02-05 18:00:00,P00073,2,42.62,0.0,completed
O00002152,C000117,2025-02-17 08:00:00,P00076,2,127.02,0.0,completed
O00002153,C000117,2025-02-22 14:00:00,P00005,3,60.94,0.1,completed
O00002154,C000117,2025-02-27 11:00:00,P00003,3,57.98,0.2,completed
O00002155,C000117,2025-03-05 12:00:00,P00079,3,116.49,0.0,completed
O00002156,C000117,2025-03-19 06:00:00,P00016,3,34.48,0.1,completed
O00002157,C000117,2025-03-23 05:00:00,P00065,2,104.26,0.0,completed
O00002158,C000117,2025-03-24 14:00:00,P00029,1,24.16,0.1,completed
O00002159,C000117,2025-04-19 14:00:00,P00033,3,47.85,0.0,completed
O00002160,C000117,2025-05-20 11:00:00,P00065,2,83.41,0.2,completed
O00002161,C000117,2025-05-21 17:00:00,P00004,1,18.5,0.0,completed
O00002162,C000117,2025-05-27 03:00:00,P00067,1,12.58,0.0,completed
O00002163,C000117,2025-05-28 12:00:00,P00031,2,8.87,0.1,completed
O00002164,C000117,2025-06-05 09:00:00,P00000,3,109.27,0.2,completed
O00002165,C000117,2025-06-28 01:00:00,P00079,2,69.89,0.1,completed
O00002166,C000117,2025-07-09 21:00:00,P00021,1,9.09,0.0,completed
O00002167,C000117,2025-07-15 20:00:00,P00056,2,39.69,0.1,completed
O00002168,C000117,2025-08-11 15:00:00,P00020,3,93.09,0.0,completed
O00002169,C000117,2025-08-23 04:00:00,P00050,3,150.75,0.0,completed
O00002170,C000117,2025-09-08 17:00:00,P00005,2,36.11,0.2,completed
O00002171,C000117,2025-09-19 14:00:00,P00074,3,35.88,0.2,completed
O00002172,C000117,2025-10-10 01:00:00,P00004,1,18.5,0.0,completed
O00002173,C000117,2025-11-05 17:00:00,P00045,1,12.82,0.2,completed
O00002174,C000117,2025-11-28 05:00:00,P00014,2,20.48,0.0,completed
O00002175,C000117,2025-12-14 07:00:00,P00012,3,39.21,0.0,completed
O00002176,C000117,2026-01-06 18:00:00,P00053,1,35.54,0.1,completed
O00002177,C000117,2026-01-08 08:00:00,P00067,2,22.64,0.1,completed
O00002178,C000117,2026-01-12 12:00:00,P00001,3,54.87,0.0,completed
O00002179,C000117,2026-01-18 14:00:00,P00030,2,22.28,0.0,completed
O00002180,C000117,2026-01-23 01:00:00,P00075,2,43.65,0.1,completed
O00002181,C000117,2026-01-27 17:00:00,P00069,1,175.77,0.0,completed
O00002182,C000117,2026-03-11 18:00:00,P00043,2,17.24,0.0,completed
O00002183,C000117,2026-03-18 15:00:00,P00063,1,20.61,0.2,completed
O00002184,C000117,2026-03-21 01:00:00,P00015,3,26.16,0.2,completed
O00002185,C000117,2026-03-22 21:00:00,P00009,2,67.24,0.0,completed
O00002186,C000117,2026-04-18 15:00:00,P00054,2,18.26,0.0,completed
O00002187,C000117,2026-04-27 15:00:00,P00054,1,9.13,0.0,completed
O00002188,C000117,2026-05-14 11:00:00,P00038,3,133.59,0.0,completed
O00002189,C000117,2026-06-10 23:00:00,P00069,3,527.31,0.0,completed
O00002190,C000118,2024-06-30 21:00:00,P00056,1,19.85,0.1,completed
O00002191,C000118,2024-08-04 08:00:00,P00041,1,17.81,0.0,completed
O00002192,C000118,2024-08-21 01:00:00,P00017,2,9.94,0.0,refunded
O00002193,C000118,2024-09-17 18:00:00,P00066,1,5.94,0.2,completed
O00002194,C000118,2024-09-22 09:00:00,P00038,2,89.06,0.0,completed
O00002195,C000118,2024-11-02 05:00:00,P00050,3,120.6,0.2,completed
O00002196,C000118,2025-02-05 12:00:00,P00025,3,65.62,0.2,completed
O00002197,C000118,2025-04-05 07:00:00,P00012,3,39.21,0.0,completed
O00002198,C000118,2025-04-11 12:00:00,P00037,2,50.24,0.0,completed
O00002199,C000118,2025-04-18 00:00:00,P00007,2,85.81,0.2,completed
O00002200,C000118,2025-04-20 03:00:00,P00077,2,86.58,0.0,completed
O00002201,C000118,2025-05-14 08:00:00,P00014,2,18.43,0.1,completed
O00002202,C000118,2025-06-26 08:00:00,P00047,3,85.47,0.0,completed
O00002203,C000118,2025-06-28 16:00:00,P00019,1,15.3,0.1,completed
O00002204,C000118,2025-07-18 17:00:00,P00060,2,72.38,0.0,completed
O00002205,C000118,2025-07-25 08:00:00,P00042,2,77.94,0.0,completed
O00002206,C000118,2025-09-04 09:00:00,P00035,3,76.5,0.0,completed
O00002207,C000118,2025-10-09 09:00:00,P00024,3,53.68,0.1,completed
O00002208,C000118,2025-11-23 07:00:00,P00072,3,10.9,0.2,completed
O00002209,C000118,2025-11-25 04:00:00,P00044,2,60.0,0.2,completed
O00002210,C000118,2025-11-29 13:00:00,P00067,3,37.74,0.0,refunded
O00002211,C000118,2025-11-30 13:00:00,P00013,2,39.42,0.0,completed
O00002212,C000118,2026-02-02 02:00:00,P00078,1,18.48,0.0,cancelled
O00002213,C000118,2026-03-15 08:00:00,P00040,3,29.64,0.2,completed
O00002214,C000118,2026-04-22 02:00:00,P00072,2,7.26,0.2,completed
O00002215,C000118,2026-05-07 05:00:00,P00022,1,21.1,0.1,completed
O00002216,C000118,2026-05-10 05:00:00,P00043,2,17.24,0.0,completed
O00002217,C000118,2026-06-20 04:00:00,P00011,1,18.72,0.0,completed
O00002218,C000118,2026-06-20 18:00:00,P00018,3,29.86,0.2,completed
O00002219,C000119,2024-11-17 19:00:00,P00067,3,37.74,0.0,completed
O00002220,C000119,2025-02-19 11:00:00,P00020,2,62.06,0.0,completed
O00002221,C000119,2025-03-19 11:00:00,P00020,1,24.82,0.2,completed
O00002222,C000119,2025-05-11 19:00:00,P00055,1,9.19,0.1,completed
O00002223,C000119,2025-05-24 11:00:00,P00036,1,15.09,0.0,completed
O00002224,C000120,2024-09-17 16:00:00,P00033,2,31.9,0.0,completed
O00002225,C000120,2024-09-20 20:00:00,P00062,1,32.33,0.0,completed
O00002226,C000120,2024-10-09 09:00:00,P00037,2,40.19,0.2,completed
O00002227,C000120,2024-10-26 21:00:00,P00061,2,27.12,0.2,completed
O00002228,C000120,2024-10-29 22:00:00,P00012,2,23.53,0.1,completed
O00002229,C000120,2024-11-09 10:00:00,P00003,2,48.32,0.0,completed
O00002230,C000120,2024-11-24 21:00:00,P00077,2,69.26,0.2,completed
O00002231,C000120,2024-11-26 04:00:00,P00020,1,24.82,0.2,completed
O00002232,C000120,2024-11-28 22:00:00,P00046,1,40.38,0.2,completed
O00002233,C000120,2024-12-29 07:00:00,P00067,2,25.16,0.0,completed
O00002234,C000120,2024-12-31 18:00:00,P00079,2,62.13,0.2,completed
O00002235,C000120,2025-01-04 06:00:00,P00045,2,32.04,0.0,completed
O00002236,C000120,2025-01-23 03:00:00,P00074,1,11.96,0.2,completed
O00002237,C000120,2025-01-24 15:00:00,P00015,2,21.8,0.0,completed
O00002238,C000120,2025-03-03 20:00:00,P00071,2,43.22,0.0,completed
O00002239,C000120,2025-03-17 16:00:00,P00077,1,43.29,0.0,completed
O00002240,C000120,2025-04-17 11:00:00,P00003,2,48.32,0.0,completed
O00002241,C000120,2025-04-21 08:00:00,P00027,3,55.59,0.0,refunded
O00002242,C000120,2025-05-16 19:00:00,P00033,2,31.9,0.0,completed
O00002243,C000120,2025-05-29 12:00:00,P00027,1,18.53,0.0,completed
O00002244,C000120,2025-06-01 02:00:00,P00053,2,78.98,0.0,completed
O00002245,C000120,2025-06-10 08:00:00,P00002,1,32.54,0.0,completed
O00002246,C000120,2025-06-19 10:00:00,P00034,3,78.96,0.0,completed
O00002247,C000120,2025-06-22 18:00:00,P00066,3,22.29,0.0,completed
O00002248,C000120,2025-06-26 18:00:00,P00049,2,79.96,0.1,completed
O00002249,C000120,2025-07-21 01:00:00,P00031,2,7.89,0.2,completed
O00002250,C000120,2025-08-02 00:00:00,P00059,2,26.84,0.0,cancelled
O00002251,C000120,2025-09-23 05:00:00,P00022,2,37.5,0.2,completed
O00002252,C000120,2025-09-29 10:00:00,P00075,3,72.75,0.0,completed
O00002253,C000120,2025-10-22 09:00:00,P00019,3,45.9,0.1,completed
O00002254,C000120,2025-11-07 14:00:00,P00009,1,33.62,0.0,completed
O00002255,C000120,2025-12-03 21:00:00,P00030,2,17.82,0.2,completed
O00002256,C000120,2025-12-10 08:00:00,P00010,1,13.98,0.2,completed
O00002257,C000120,2025-12-13 22:00:00,P00056,1,22.05,0.0,refunded
O00002258,C000120,2026-01-02 23:00:00,P00026,3,75.09,0.1,completed
O00002259,C000120,2026-01-19 23:00:00,P00010,1,15.72,0.1,completed
O00002260,C000120,2026-01-23 14:00:00,P00048,1,28.6,0.2,completed
O00002261,C000120,2026-01-24 22:00:00,P00076,1,63.51,0.0,completed
O00002262,C000120,2026-03-23 21:00:00,P00069,3,527.31,0.0,completed
O00002263,C000120,2026-04-05 03:00:00,P00056,1,17.64,0.2,completed
O00002264,C000120,2026-04-13 08:00:00,P00042,3,116.91,0.0,completed
O00002265,C000120,2026-04-19 07:00:00,P00042,2,62.35,0.2,completed
O00002266,C000120,2026-05-29 15:00:00,P00055,3,30.63,0.0,completed
O00002267,C000120,2026-06-01 17:00:00,P00010,3,52.41,0.0,completed
O00002268,C000120,2026-06-05 17:00:00,P00009,3,100.86,0.0,completed
O00002269,C000120,2026-06-14 00:00:00,P00015,1,8.72,0.2,completed
O00002270,C000121,2024-10-30 15:00:00,P00037,1,25.12,0.0,completed
O00002271,C000121,2024-10-30 09:00:00,P00014,2,18.43,0.1,completed
O00002272,C000121,2024-12-03 01:00:00,P00069,1,175.77,0.0,completed
O00002273,C000121,2024-12-22 02:00:00,P00076,1,50.81,0.2,refunded
O00002274,C000121,2025-02-20 16:00:00,P00050,1,40.2,0.2,completed
O00002275,C000121,2025-02-27 18:00:00,P00054,1,9.13,0.0,completed
O00002276,C000121,2025-03-08 02:00:00,P00046,2,100.96,0.0,completed
O00002277,C000121,2025-03-31 06:00:00,P00025,2,43.74,0.2,completed
O00002278,C000121,2025-04-09 15:00:00,P00070,3,20.55,0.0,completed
O00002279,C000121,2025-04-21 19:00:00,P00074,2,29.9,0.0,completed
O00002280,C000121,2025-05-09 07:00:00,P00079,1,38.83,0.0,completed
O00002281,C000121,2025-05-24 11:00:00,P00020,1,31.03,0.0,completed
O00002282,C000121,2025-06-02 15:00:00,P00003,1,24.16,0.0,completed
O00002283,C000121,2025-06-28 14:00:00,P00001,3,43.9,0.2,completed
O00002284,C000121,2025-08-13 07:00:00,P00036,1,12.07,0.2,completed
O00002285,C000121,2025-09-17 10:00:00,P00039,3,49.97,0.2,completed
O00002286,C000121,2025-10-15 02:00:00,P00073,2,42.62,0.0,completed
O00002287,C000121,2025-11-07 13:00:00,P00041,3,53.43,0.0,completed
O00002288,C000121,2025-11-29 07:00:00,P00055,1,10.21,0.0,completed
O00002289,C000121,2025-12-28 22:00:00,P00068,1,29.54,0.2,completed
O00002290,C000121,2026-01-13 00:00:00,P00043,3,25.86,0.0,completed
O00002291,C000121,2026-01-17 00:00:00,P00001,1,18.29,0.0,completed
O00002292,C000121,2026-01-23 20:00:00,P00057,2,112.1,0.0,completed
O00002293,C000121,2026-01-26 10:00:00,P00052,3,36.42,0.0,completed
O00002294,C000121,2026-02-08 21:00:00,P00058,3,65.13,0.0,completed
O00002295,C000121,2026-03-14 17:00:00,P00053,1,39.49,0.0,completed
O00002296,C000121,2026-04-17 09:00:00,P00025,2,49.21,0.1,completed
O00002297,C000121,2026-04-25 09:00:00,P00024,3,53.68,0.1,completed
O00002298,C000121,2026-05-10 18:00:00,P00054,3,21.91,0.2,completed
O00002299,C000121,2026-05-13 03:00:00,P00028,2,29.94,0.0,completed
O00002300,C000121,2026-05-18 04:00:00,P00069,2,351.54,0.0,completed
O00002301,C000121,2026-06-29 13:00:00,P00011,1,18.72,0.0,completed
O00002302,C000122,2024-02-01 01:00:00,P00020,1,27.93,0.1,completed
O00002303,C000122,2024-02-01 10:00:00,P00017,2,9.94,0.0,completed
O00002304,C000122,2024-02-12 08:00:00,P00078,2,36.96,0.0,completed
O00002305,C000122,2024-03-01 05:00:00,P00057,1,56.05,0.0,refunded
O00002306,C000122,2024-03-01 09:00:00,P00059,2,26.84,0.0,completed
O00002307,C000122,2024-03-18 13:00:00,P00036,3,45.27,0.0,completed
O00002308,C000122,2024-04-01 00:00:00,P00070,2,13.7,0.0,completed
O00002309,C000122,2024-04-11 08:00:00,P00012,1,13.07,0.0,completed
O00002310,C000122,2024-04-12 07:00:00,P00051,3,126.9,0.0,completed
O00002311,C000122,2024-04-12 12:00:00,P00007,2,107.26,0.0,completed
O00002312,C000122,2024-04-27 10:00:00,P00028,3,44.91,0.0,completed
O00002313,C000122,2024-05-20 02:00:00,P00065,2,104.26,0.0,completed
O00002314,C000122,2024-06-08 01:00:00,P00011,2,29.95,0.2,completed
O00002315,C000122,2024-06-21 04:00:00,P00045,2,32.04,0.0,completed
O00002316,C000122,2024-08-14 14:00:00,P00056,1,22.05,0.0,completed
O00002317,C000122,2024-08-17 05:00:00,P00063,3,77.28,0.0,completed
O00002318,C000122,2024-08-21 06:00:00,P00063,2,51.52,0.0,completed
O00002319,C000122,2024-08-27 04:00:00,P00015,2,17.44,0.2,completed
O00002320,C000122,2024-09-07 08:00:00,P00077,1,43.29,0.0,completed
O00002321,C000122,2024-09-20 06:00:00,P00044,1,33.75,0.1,completed
O00002322,C000122,2024-09-26 06:00:00,P00013,1,15.77,0.2,completed
O00002323,C000122,2024-10-12 14:00:00,P00000,3,109.27,0.2,completed
O00002324,C000122,2024-10-16 20:00:00,P00014,3,30.72,0.0,completed
O00002325,C000122,2024-10-20 23:00:00,P00056,2,39.69,0.1,completed
O00002326,C000122,2024-10-21 13:00:00,P00031,3,14.79,0.0,completed
O00002327,C000122,2024-10-22 05:00:00,P00044,3,101.25,0.1,refunded
O00002328,C000122,2024-11-18 14:00:00,P00050,1,50.25,0.0,completed
O00002329,C000122,2024-11-30 13:00:00,P00067,2,25.16,0.0,completed
O00002330,C000122,2024-12-02 15:00:00,P00016,3,30.65,0.2,completed
O00002331,C000122,2024-12-22 06:00:00,P00053,3,118.47,0.0,completed
O00002332,C000122,2025-01-31 19:00:00,P00026,3,66.74,0.2,completed
O00002333,C000122,2025-02-02 03:00:00,P00075,3,58.2,0.2,completed
O00002334,C000122,2025-02-05 02:00:00,P00058,1,21.71,0.0,completed
O00002335,C000122,2025-02-08 18:00:00,P00010,3,41.93,0.2,completed
O00002336,C000122,2025-02-24 12:00:00,P00012,2,23.53,0.1,completed
O00002337,C000124,2024-01-18 04:00:00,P00054,3,24.65,0.1,completed
O00002338,C000124,2024-02-02 15:00:00,P00025,2,49.21,0.1,completed
O00002339,C000124,2024-02-09 01:00:00,P00004,3,55.5,0.0,completed
O00002340,C000124,2024-02-26 07:00:00,P00050,2,100.5,0.0,completed
O00002341,C000124,2024-03-08 15:00:00,P00039,1,20.82,0.0,completed
O00002342,C000124,2024-03-18 17:00:00,P00063,3,77.28,0.0,refunded
O00002343,C000124,2024-04-03 06:00:00,P00065,3,156.39,0.0,completed
O00002344,C000124,2024-04-04 12:00:00,P00012,2,26.14,0.0,completed
O00002345,C000124,2024-04-12 09:00:00,P00011,3,44.93,0.2,refunded
O00002346,C000124,2024-04-14 20:00:00,P00045,1,16.02,0.0,completed
O00002347,C000124,2024-04-15 13:00:00,P00056,1,22.05,0.0,completed
O00002348,C000124,2024-05-01 20:00:00,P00077,2,86.58,0.0,completed
O00002349,C000124,2024-05-14 04:00:00,P00012,1,13.07,0.0,completed
O00002350,C000124,2024-05-23 15:00:00,P00047,2,51.28,0.1,completed
O00002351,C000124,2024-05-27 03:00:00,P00011,2,29.95,0.2,completed
O00002352,C000124,2024-05-31 09:00:00,P00005,2,45.14,0.0,completed
O00002353,C000124,2024-07-02 18:00:00,P00003,3,65.23,0.1,completed
O00002354,C000124,2024-07-20 10:00:00,P00002,1,29.29,0.1,completed
O00002355,C000124,2024-07-21 11:00:00,P00074,3,40.36,0.1,completed
O00002356,C000124,2024-07-28 18:00:00,P00043,1,7.76,0.1,completed
O00002357,C000124,2024-07-31 16:00:00,P00046,1,45.43,0.1,completed
O00002358,C000124,2024-08-21 09:00:00,P00017,1,4.47,0.1,completed
O00002359,C000124,2024-08-23 12:00:00,P00006,3,96.24,0.0,completed
O00002360,C000124,2024-09-04 15:00:00,P00073,3,63.93,0.0,refunded
O00002361,C000124,2024-09-05 00:00:00,P00006,2,57.74,0.1,completed
O00002362,C000124,2024-09-15 16:00:00,P00028,2,23.95,0.2,completed
O00002363,C000124,2024-09-15 04:00:00,P00022,2,46.88,0.0,refunded
O00002364,C000124,2024-10-01 20:00:00,P00056,1,19.85,0.1,completed
O00002365,C000124,2024-10-14 22:00:00,P00031,1,3.94,0.2,refunded
O00002366,C000124,2024-10-22 16:00:00,P00041,3,48.09,0.1,completed
O00002367,C000124,2024-10-26 03:00:00,P00052,2,24.28,0.0,completed
O00002368,C000124,2024-11-07 14:00:00,P00038,3,120.23,0.1,completed
O00002369,C000124,2024-11-19 04:00:00,P00047,3,85.47,0.0,completed
O00002370,C000124,2024-11-25 20:00:00,P00001,3,54.87,0.0,completed
O00002371,C000124,2024-11-26 01:00:00,P00006,1,32.08,0.0,completed
O00002372,C000124,2024-12-26 01:00:00,P00025,3,82.02,0.0,completed
O00002373,C000124,2025-01-09 05:00:00,P00066,3,17.83,0.2,completed
O00002374,C000124,2025-01-20 11:00:00,P00066,2,14.86,0.0,completed
O00002375,C000124,2025-02-15 14:00:00,P00046,2,100.96,0.0,completed
O00002376,C000124,2025-02-24 07:00:00,P00047,2,45.58,0.2,completed
O00002377,C000124,2025-03-07 06:00:00,P00070,1,6.16,0.1,completed
O00002378,C000124,2025-03-31 23:00:00,P00022,2,46.88,0.0,completed
O00002379,C000124,2025-04-11 04:00:00,P00077,2,86.58,0.0,completed
O00002380,C000124,2025-04-13 11:00:00,P00028,2,29.94,0.0,completed
O00002381,C000124,2025-04-16 05:00:00,P00064,2,19.23,0.2,completed
O00002382,C000124,2025-04-23 02:00:00,P00006,2,57.74,0.1,completed
O00002383,C000124,2025-05-07 21:00:00,P00069,1,175.77,0.0,completed
O00002384,C000124,2025-05-29 01:00:00,P00068,3,110.79,0.0,completed
O00002385,C000124,2025-06-02 10:00:00,P00072,3,13.62,0.0,completed
O00002386,C000124,2025-06-03 13:00:00,P00012,1,10.46,0.2,completed
O00002387,C000124,2025-06-04 17:00:00,P00059,2,24.16,0.1,refunded
O00002388,C000124,2025-06-08 21:00:00,P00051,1,38.07,0.1,completed
O00002389,C000124,2025-06-08 02:00:00,P00025,1,21.87,0.2,completed
O00002390,C000124,2025-06-19 14:00:00,P00042,3,116.91,0.0,completed
O00002391,C000125,2024-09-14 23:00:00,P00041,2,32.06,0.1,completed
O00002392,C000125,2024-09-14 00:00:00,P00070,2,13.7,0.0,completed
O00002393,C000125,2024-09-25 22:00:00,P00062,3,96.99,0.0,completed
O00002394,C000125,2024-10-19 22:00:00,P00058,3,65.13,0.0,completed
O00002395,C000126,2024-06-17 17:00:00,P00003,3,72.48,0.0,completed
O00002396,C000126,2024-07-22 18:00:00,P00059,1,13.42,0.0,completed
O00002397,C000126,2024-10-03 17:00:00,P00039,3,62.46,0.0,completed
O00002398,C000126,2024-10-15 08:00:00,P00010,1,15.72,0.1,completed
O00002399,C000127,2024-02-27 02:00:00,P00049,3,133.26,0.0,completed
O00002400,C000127,2024-04-15 02:00:00,P00018,1,12.44,0.0,completed
O00002401,C000128,2024-02-14 10:00:00,P00048,1,35.75,0.0,completed
O00002402,C000128,2024-03-21 01:00:00,P00062,3,96.99,0.0,completed
O00002403,C000128,2024-03-26 15:00:00,P00025,2,54.68,0.0,completed
O00002404,C000128,2024-05-20 11:00:00,P00000,1,45.53,0.0,completed
O00002405,C000128,2024-06-18 02:00:00,P00018,2,24.88,0.0,completed
O00002406,C000128,2024-07-01 13:00:00,P00062,2,64.66,0.0,completed
O00002407,C000128,2024-07-07 11:00:00,P00021,1,8.18,0.1,completed
O00002408,C000128,2024-07-13 20:00:00,P00059,1,13.42,0.0,completed
O00002409,C000128,2024-12-08 11:00:00,P00036,3,40.74,0.1,completed
O00002410,C000128,2025-03-10 21:00:00,P00058,2,34.74,0.2,completed
O00002411,C000128,2025-04-18 12:00:00,P00077,2,86.58,0.0,completed
O00002412,C000129,2024-09-23 17:00:00,P00055,3,30.63,0.0,completed
O00002413,C000129,2025-01-25 09:00:00,P00012,3,35.29,0.1,completed
O00002414,C000129,2025-01-31 18:00:00,P00070,3,20.55,0.0,completed
O00002415,C000129,2025-02-17 03:00:00,P00016,1,12.77,0.0,completed
O00002416,C000129,2025-04-04 08:00:00,P00011,3,50.54,0.1,completed
O00002417,C000129,2025-04-13 20:00:00,P00040,1,12.35,0.0,completed
O00002418,C000129,2025-06-07 03:00:00,P00041,3,53.43,0.0,completed
O00002419,C000129,2025-07-09 05:00:00,P00049,1,44.42,0.0,completed
O00002420,C000129,2025-08-01 01:00:00,P00018,3,37.32,0.0,completed
O00002421,C000129,2025-08-20 17:00:00,P00017,2,9.94,0.0,completed
O00002422,C000129,2025-09-21 22:00:00,P00015,1,10.9,0.0,completed
O00002423,C000129,2025-12-05 06:00:00,P00013,2,39.42,0.0,completed
O00002424,C000130,2024-03-06 14:00:00,P00077,3,103.9,0.2,completed
O00002425,C000130,2024-07-15 07:00:00,P00048,2,57.2,0.2,completed
O00002426,C000130,2024-08-02 07:00:00,P00017,2,9.94,0.0,completed
O00002427,C000130,2024-09-13 14:00:00,P00069,3,527.31,0.0,completed
O00002428,C000130,2024-10-05 06:00:00,P00065,2,104.26,0.0,completed
O00002429,C000131,2025-06-25 14:00:00,P00037,1,25.12,0.0,completed
O00002430,C000131,2025-08-05 07:00:00,P00047,1,28.49,0.0,completed
O00002431,C000131,2025-08-14 12:00:00,P00001,2,29.26,0.2,completed
O00002432,C000131,2025-08-29 08:00:00,P00036,2,30.18,0.0,completed
O00002433,C000131,2025-09-02 02:00:00,P00015,2,17.44,0.2,completed
O00002434,C000131,2025-10-07 09:00:00,P00015,2,21.8,0.0,completed
O00002435,C000131,2025-11-23 19:00:00,P00061,1,13.56,0.2,completed
O00002436,C000131,2026-02-22 05:00:00,P00059,3,36.23,0.1,completed
O00002437,C000131,2026-04-16 22:00:00,P00054,1,7.3,0.2,completed
O00002438,C000131,2026-04-30 17:00:00,P00054,2,18.26,0.0,completed
O00002439,C000132,2024-09-24 11:00:00,P00042,3,116.91,0.0,completed
O00002440,C000132,2024-09-25 10:00:00,P00071,2,43.22,0.0,cancelled
O00002441,C000132,2024-10-01 04:00:00,P00015,3,32.7,0.0,completed
O00002442,C000132,2024-10-10 22:00:00,P00058,2,43.42,0.0,completed
O00002443,C000132,2024-10-14 04:00:00,P00024,1,19.88,0.0,completed
O00002444,C000132,2024-10-31 20:00:00,P00075,3,72.75,0.0,completed
O00002445,C000132,2024-11-05 21:00:00,P00065,1,52.13,0.0,completed
O00002446,C000132,2024-11-14 18:00:00,P00050,1,50.25,0.0,completed
O00002447,C000132,2024-11-28 09:00:00,P00053,2,71.08,0.1,completed
O00002448,C000132,2024-11-29 13:00:00,P00079,2,69.89,0.1,completed
O00002449,C000132,2024-11-30 01:00:00,P00066,1,7.43,0.0,refunded
O00002450,C000132,2024-12-01 11:00:00,P00000,2,81.95,0.1,completed
O00002451,C000132,2024-12-02 12:00:00,P00005,3,67.71,0.0,completed
O00002452,C000132,2024-12-03 22:00:00,P00078,2,29.57,0.2,refunded
O00002453,C000132,2024-12-06 08:00:00,P00058,1,19.54,0.1,completed
O00002454,C000132,2024-12-12 00:00:00,P00078,1,18.48,0.0,completed
O00002455,C000132,2024-12-24 22:00:00,P00049,1,44.42,0.0,completed
O00002456,C000132,2024-12-25 02:00:00,P00010,2,34.94,0.0,completed
O00002457,C000132,2024-12-25 00:00:00,P00039,3,62.46,0.0,completed
O00002458,C000132,2024-12-29 17:00:00,P00073,1,21.31,0.0,completed
O00002459,C000132,2024-12-31 03:00:00,P00043,3,25.86,0.0,completed
O00002460,C000132,2025-01-16 00:00:00,P00013,3,47.3,0.2,completed
O00002461,C000132,2025-01-16 02:00:00,P00057,3,168.15,0.0,completed
O00002462,C000132,2025-01-23 14:00:00,P00077,2,86.58,0.0,completed
O00002463,C000132,2025-01-24 18:00:00,P00055,1,9.19,0.1,completed
O00002464,C000132,2025-02-07 04:00:00,P00036,3,36.22,0.2,completed
O00002465,C000132,2025-02-10 18:00:00,P00017,1,3.98,0.2,completed
O00002466,C000132,2025-02-18 05:00:00,P00048,3,107.25,0.0,completed
O00002467,C000132,2025-03-01 15:00:00,P00075,1,24.25,0.0,completed
O00002468,C000132,2025-03-02 03:00:00,P00029,2,53.68,0.0,completed
O00002469,C000132,2025-03-05 13:00:00,P00053,2,63.18,0.2,completed
O00002470,C000132,2025-03-08 15:00:00,P00075,3,72.75,0.0,completed
O00002471,C000132,2025-03-08 02:00:00,P00069,3,421.85,0.2,refunded
O00002472,C000132,2025-03-09 11:00:00,P00047,3,76.92,0.1,completed
O00002473,C000132,2025-03-24 14:00:00,P00031,2,9.86,0.0,completed
O00002474,C000132,2025-03-27 02:00:00,P00075,2,43.65,0.1,completed
O00002475,C000132,2025-04-01 18:00:00,P00064,2,24.04,0.0,completed
O00002476,C000132,2025-04-02 03:00:00,P00015,1,8.72,0.2,completed
O00002477,C000132,2025-04-10 01:00:00,P00024,3,59.64,0.0,refunded
O00002478,C000132,2025-04-19 12:00:00,P00037,1,20.1,0.2,completed
O00002479,C000132,2025-04-20 06:00:00,P00011,1,18.72,0.0,completed
O00002480,C000132,2025-04-21 06:00:00,P00054,1,8.22,0.1,completed
O00002481,C000132,2025-04-26 18:00:00,P00017,2,8.95,0.1,completed
O00002482,C000132,2025-05-16 10:00:00,P00020,2,62.06,0.0,completed
O00002483,C000132,2025-05-24 15:00:00,P00063,3,77.28,0.0,completed
O00002484,C000132,2025-05-25 08:00:00,P00057,2,112.1,0.0,completed
O00002485,C000132,2025-05-27 17:00:00,P00003,1,24.16,0.0,completed
O00002486,C000132,2025-06-01 22:00:00,P00005,3,54.17,0.2,completed
O00002487,C000132,2025-06-02 02:00:00,P00005,1,22.57,0.0,completed
O00002488,C000132,2025-06-06 13:00:00,P00000,3,109.27,0.2,completed
O00002489,C000132,2025-06-09 18:00:00,P00055,2,20.42,0.0,completed
O00002490,C000132,2025-06-14 02:00:00,P00000,3,136.59,0.0,completed
O00002491,C000132,2025-06-15 17:00:00,P00013,1,17.74,0.1,completed
O00002492,C000132,2025-06-20 23:00:00,P00053,3,94.78,0.2,completed
O00002493,C000132,2025-06-21 20:00:00,P00016,1,12.77,0.0,completed
O00002494,C000132,2025-06-25 08:00:00,P00052,2,19.42,0.2,completed
O00002495,C000132,2025-07-04 18:00:00,P00048,2,71.5,0.0,completed
O00002496,C000132,2025-07-04 01:00:00,P00000,2,91.06,0.0,completed
O00002497,C000132,2025-07-06 16:00:00,P00055,3,27.57,0.1,completed
O00002498,C000132,2025-07-10 19:00:00,P00034,1,26.32,0.0,completed
O00002499,C000132,2025-07-21 10:00:00,P00014,2,16.38,0.2,completed
O00002500,C000132,2025-07-22 06:00:00,P00046,1,40.38,0.2,completed
O00002501,C000132,2025-07-24 14:00:00,P00062,3,87.29,0.1,completed
O00002502,C000132,2025-07-28 20:00:00,P00024,1,19.88,0.0,completed
O00002503,C000132,2025-07-28 05:00:00,P00060,3,108.57,0.0,completed
O00002504,C000132,2025-07-29 23:00:00,P00053,2,78.98,0.0,completed
O00002505,C000132,2025-08-03 13:00:00,P00019,1,17.0,0.0,completed
O00002506,C000132,2025-08-04 16:00:00,P00046,2,100.96,0.0,completed
O00002507,C000132,2025-08-12 06:00:00,P00017,2,7.95,0.2,completed
O00002508,C000132,2025-08-15 18:00:00,P00011,3,56.16,0.0,completed
O00002509,C000132,2025-08-23 22:00:00,P00058,3,65.13,0.0,completed
O00002510,C000132,2025-08-24 19:00:00,P00043,2,15.52,0.1,completed
O00002511,C000132,2025-09-02 05:00:00,P00035,3,68.85,0.1,completed
O00002512,C000132,2025-09-13 18:00:00,P00065,2,93.83,0.1,completed
O00002513,C000132,2025-09-16 09:00:00,P00025,3,65.62,0.2,completed
O00002514,C000132,2025-09-17 21:00:00,P00062,3,96.99,0.0,completed
O00002515,C000132,2025-09-22 01:00:00,P00005,3,67.71,0.0,completed
O00002516,C000132,2025-10-01 02:00:00,P00008,2,28.48,0.0,completed
O00002517,C000132,2025-10-01 01:00:00,P00027,3,44.47,0.2,completed
O00002518,C000132,2025-10-02 11:00:00,P00077,3,116.88,0.1,completed
O00002519,C000132,2025-10-17 06:00:00,P00005,3,54.17,0.2,completed
O00002520,C000132,2025-10-19 08:00:00,P00031,2,9.86,0.0,completed
O00002521,C000132,2025-10-28 00:00:00,P00006,2,64.16,0.0,completed
O00002522,C000132,2025-11-04 09:00:00,P00024,2,39.76,0.0,completed
O00002523,C000132,2025-11-05 16:00:00,P00036,1,15.09,0.0,completed
O00002524,C000132,2025-11-07 03:00:00,P00055,2,20.42,0.0,completed
O00002525,C000132,2025-11-14 06:00:00,P00047,2,56.98,0.0,completed
O00002526,C000132,2025-11-17 15:00:00,P00056,1,22.05,0.0,completed
O00002527,C000132,2025-11-21 23:00:00,P00075,1,19.4,0.2,completed
O00002528,C000132,2025-12-09 14:00:00,P00063,1,23.18,0.1,completed
O00002529,C000132,2026-01-07 17:00:00,P00064,1,10.82,0.1,completed
O00002530,C000132,2026-01-10 01:00:00,P00041,3,53.43,0.0,completed
O00002531,C000132,2026-01-12 13:00:00,P00048,3,107.25,0.0,completed
O00002532,C000132,2026-01-26 09:00:00,P00065,1,46.92,0.1,completed
O00002533,C000132,2026-01-26 10:00:00,P00059,2,24.16,0.1,completed
O00002534,C000132,2026-01-27 07:00:00,P00044,1,33.75,0.1,refunded
O00002535,C000132,2026-02-04 04:00:00,P00077,3,129.87,0.0,completed
O00002536,C000132,2026-02-12 05:00:00,P00015,1,10.9,0.0,completed
O00002537,C000132,2026-03-01 09:00:00,P00048,1,35.75,0.0,completed
O00002538,C000132,2026-03-10 04:00:00,P00013,1,15.77,0.2,completed
O00002539,C000132,2026-03-11 06:00:00,P00056,1,19.85,0.1,completed
O00002540,C000132,2026-03-19 17:00:00,P00003,3,65.23,0.1,completed
O00002541,C000132,2026-03-22 14:00:00,P00000,3,109.27,0.2,refunded
O00002542,C000132,2026-03-27 07:00:00,P00049,1,44.42,0.0,completed
O00002543,C000132,2026-04-03 15:00:00,P00023,1,31.27,0.0,completed
O00002544,C000132,2026-04-08 08:00:00,P00023,1,25.02,0.2,completed
O00002545,C000132,2026-04-27 18:00:00,P00052,1,12.14,0.0,completed
O00002546,C000132,2026-05-03 01:00:00,P00015,2,21.8,0.0,completed
O00002547,C000132,2026-05-05 21:00:00,P00048,1,35.75,0.0,completed
O00002548,C000132,2026-05-05 01:00:00,P00032,3,34.27,0.2,completed
O00002549,C000132,2026-05-07 04:00:00,P00062,2,64.66,0.0,completed
O00002550,C000132,2026-05-09 12:00:00,P00022,3,70.32,0.0,completed
O00002551,C000132,2026-05-15 02:00:00,P00027,2,37.06,0.0,completed
O00002552,C000132,2026-05-16 02:00:00,P00024,1,19.88,0.0,completed
O00002553,C000132,2026-06-01 02:00:00,P00007,3,160.89,0.0,completed
O00002554,C000132,2026-06-05 09:00:00,P00021,1,9.09,0.0,completed
O00002555,C000132,2026-06-07 08:00:00,P00058,1,21.71,0.0,completed
O00002556,C000132,2026-06-29 16:00:00,P00076,3,171.48,0.1,completed
O00002557,C000133,2024-05-28 20:00:00,P00029,3,80.52,0.0,completed
O00002558,C000133,2024-06-21 14:00:00,P00005,2,45.14,0.0,completed
O00002559,C000133,2024-07-14 08:00:00,P00048,2,64.35,0.1,completed
O00002560,C000133,2024-08-16 07:00:00,P00073,2,42.62,0.0,completed
O00002561,C000133,2024-09-03 13:00:00,P00005,2,36.11,0.2,completed
O00002562,C000133,2024-09-09 12:00:00,P00072,3,13.62,0.0,completed
O00002563,C000133,2024-09-18 12:00:00,P00057,1,50.44,0.1,refunded
O00002564,C000133,2024-09-27 02:00:00,P00066,1,7.43,0.0,refunded
O00002565,C000133,2024-10-14 19:00:00,P00073,2,42.62,0.0,completed
O00002566,C000133,2024-11-02 17:00:00,P00038,3,120.23,0.1,completed
O00002567,C000133,2024-11-09 08:00:00,P00053,2,78.98,0.0,completed
O00002568,C000133,2024-11-21 17:00:00,P00020,3,93.09,0.0,completed
O00002569,C000133,2024-11-23 06:00:00,P00075,3,72.75,0.0,completed
O00002570,C000133,2024-12-04 06:00:00,P00013,2,31.54,0.2,completed
O00002571,C000133,2025-02-14 23:00:00,P00069,2,316.39,0.1,completed
O00002572,C000133,2025-02-27 14:00:00,P00013,1,19.71,0.0,completed
O00002573,C000133,2025-06-27 10:00:00,P00034,2,52.64,0.0,completed
O00002574,C000135,2024-05-17 02:00:00,P00013,3,59.13,0.0,completed
O00002575,C000135,2024-07-10 03:00:00,P00072,2,9.08,0.0,completed
O00002576,C000135,2025-03-19 15:00:00,P00065,2,104.26,0.0,completed
O00002577,C000135,2025-04-30 07:00:00,P00044,3,101.25,0.1,completed
O00002578,C000135,2025-06-26 21:00:00,P00061,3,40.68,0.2,completed
O00002579,C000135,2025-06-27 12:00:00,P00035,3,76.5,0.0,completed
O00002580,C000135,2025-11-28 15:00:00,P00011,2,37.44,0.0,completed
O00002581,C000135,2026-01-30 07:00:00,P00023,3,84.43,0.1,completed
O00002582,C000135,2026-05-19 19:00:00,P00066,1,7.43,0.0,completed
O00002583,C000135,2026-05-25 13:00:00,P00040,3,37.05,0.0,completed
O00002584,C000135,2026-06-04 00:00:00,P00048,3,107.25,0.0,completed
O00002585,C000136,2025-08-26 07:00:00,P00033,1,15.95,0.0,completed
O00002586,C000136,2025-09-25 09:00:00,P00070,3,16.44,0.2,completed
O00002587,C000136,2025-10-02 06:00:00,P00079,2,62.13,0.2,completed
O00002588,C000136,2025-10-11 04:00:00,P00032,1,14.28,0.0,completed
O00002589,C000136,2025-10-25 02:00:00,P00061,1,15.26,0.1,completed
O00002590,C000136,2025-11-10 22:00:00,P00060,1,32.57,0.1,completed
O00002591,C000136,2025-11-18 16:00:00,P00067,1,11.32,0.1,completed
O00002592,C000136,2025-12-05 10:00:00,P00025,3,82.02,0.0,completed
O00002593,C000136,2025-12-05 20:00:00,P00025,3,73.82,0.1,completed
O00002594,C000136,2025-12-10 06:00:00,P00044,3,112.5,0.0,completed
O00002595,C000136,2025-12-31 00:00:00,P00002,1,32.54,0.0,cancelled
O00002596,C000136,2026-02-11 04:00:00,P00059,2,24.16,0.1,completed
O00002597,C000136,2026-02-21 11:00:00,P00064,3,36.06,0.0,completed
O00002598,C000136,2026-02-23 06:00:00,P00008,1,14.24,0.0,completed
O00002599,C000136,2026-02-27 01:00:00,P00063,2,51.52,0.0,completed
O00002600,C000136,2026-03-04 09:00:00,P00025,1,27.34,0.0,completed
O00002601,C000136,2026-03-18 22:00:00,P00021,3,24.54,0.1,completed
O00002602,C000136,2026-03-24 09:00:00,P00012,2,26.14,0.0,completed
O00002603,C000136,2026-04-13 04:00:00,P00026,3,75.09,0.1,completed
O00002604,C000136,2026-04-26 10:00:00,P00047,3,85.47,0.0,completed
O00002605,C000136,2026-05-19 15:00:00,P00006,1,32.08,0.0,completed
O00002606,C000136,2026-06-19 05:00:00,P00059,1,10.74,0.2,completed
O00002607,C000136,2026-06-29 08:00:00,P00063,1,23.18,0.1,completed
O00002608,C000137,2024-08-22 07:00:00,P00073,3,51.14,0.2,completed
O00002609,C000137,2024-09-05 18:00:00,P00026,1,25.03,0.1,completed
O00002610,C000137,2024-11-08 05:00:00,P00011,2,29.95,0.2,completed
O00002611,C000137,2024-11-12 20:00:00,P00025,1,24.61,0.1,completed
O00002612,C000137,2024-11-12 02:00:00,P00036,2,30.18,0.0,completed
O00002613,C000137,2024-12-03 11:00:00,P00014,1,10.24,0.0,completed
O00002614,C000137,2024-12-31 12:00:00,P00025,3,82.02,0.0,completed
O00002615,C000137,2025-01-03 07:00:00,P00061,1,16.95,0.0,completed
O00002616,C000137,2025-01-23 14:00:00,P00001,2,36.58,0.0,completed
O00002617,C000137,2025-02-01 16:00:00,P00006,3,96.24,0.0,completed
O00002618,C000137,2025-02-20 19:00:00,P00012,2,20.91,0.2,completed
O00002619,C000137,2025-04-01 08:00:00,P00071,3,64.83,0.0,completed
O00002620,C000137,2025-04-22 19:00:00,P00058,1,21.71,0.0,completed
O00002621,C000137,2025-05-04 15:00:00,P00043,3,25.86,0.0,cancelled
O00002622,C000137,2025-06-10 08:00:00,P00060,3,108.57,0.0,completed
O00002623,C000137,2025-07-07 23:00:00,P00052,3,36.42,0.0,completed
O00002624,C000137,2025-10-25 17:00:00,P00046,1,50.48,0.0,completed
O00002625,C000137,2025-10-27 19:00:00,P00067,3,37.74,0.0,completed
O00002626,C000137,2025-10-29 14:00:00,P00002,3,97.62,0.0,completed
O00002627,C000137,2025-11-03 15:00:00,P00033,2,25.52,0.2,completed
O00002628,C000137,2025-11-05 23:00:00,P00023,2,62.54,0.0,completed
O00002629,C000137,2025-11-13 21:00:00,P00005,3,67.71,0.0,completed
O00002630,C000137,2025-12-11 07:00:00,P00075,1,19.4,0.2,completed
O00002631,C000137,2025-12-13 22:00:00,P00063,1,25.76,0.0,completed
O00002632,C000137,2026-01-13 23:00:00,P00028,1,14.97,0.0,completed
O00002633,C000137,2026-01-26 19:00:00,P00009,2,53.79,0.2,completed
O00002634,C000137,2026-02-14 08:00:00,P00057,2,112.1,0.0,completed
O00002635,C000138,2025-02-27 20:00:00,P00053,1,31.59,0.2,completed
O00002636,C000138,2025-03-31 02:00:00,P00060,3,97.71,0.1,completed
O00002637,C000138,2025-04-20 19:00:00,P00028,2,29.94,0.0,completed
O00002638,C000138,2025-05-15 22:00:00,P00041,1,17.81,0.0,completed
O00002639,C000138,2025-07-01 22:00:00,P00046,1,40.38,0.2,completed
O00002640,C000138,2025-09-28 02:00:00,P00021,2,14.54,0.2,completed
O00002641,C000138,2025-11-23 16:00:00,P00025,1,24.61,0.1,completed
O00002642,C000138,2026-02-02 22:00:00,P00023,3,75.05,0.2,completed
O00002643,C000138,2026-03-22 16:00:00,P00026,2,55.62,0.0,completed
O00002644,C000140,2024-08-13 09:00:00,P00072,1,4.54,0.0,completed
O00002645,C000140,2024-09-09 07:00:00,P00004,1,18.5,0.0,completed
O00002646,C000140,2024-09-12 17:00:00,P00049,2,79.96,0.1,completed
O00002647,C000140,2024-09-28 19:00:00,P00071,2,38.9,0.1,completed
O00002648,C000140,2024-10-09 02:00:00,P00076,3,190.53,0.0,completed
O00002649,C000140,2024-10-22 00:00:00,P00010,3,52.41,0.0,completed
O00002650,C000140,2024-11-21 10:00:00,P00056,3,52.92,0.2,completed
O00002651,C000140,2024-12-07 08:00:00,P00050,1,50.25,0.0,completed
O00002652,C000140,2025-01-29 08:00:00,P00020,1,27.93,0.1,completed
O00002653,C000140,2025-10-02 08:00:00,P00034,3,78.96,0.0,completed
O00002654,C000140,2025-11-16 10:00:00,P00011,2,29.95,0.2,refunded
O00002655,C000140,2025-11-18 23:00:00,P00053,1,31.59,0.2,completed
O00002656,C000141,2024-08-07 08:00:00,P00005,2,45.14,0.0,completed
O00002657,C000141,2024-09-10 20:00:00,P00013,1,19.71,0.0,completed
O00002658,C000141,2024-09-18 13:00:00,P00041,2,28.5,0.2,completed
O00002659,C000141,2024-09-19 02:00:00,P00068,2,73.86,0.0,completed
O00002660,C000141,2024-09-30 12:00:00,P00059,3,40.26,0.0,completed
O00002661,C000141,2024-10-07 17:00:00,P00007,2,107.26,0.0,completed
O00002662,C000141,2024-10-07 06:00:00,P00009,1,33.62,0.0,completed
O00002663,C000141,2024-11-23 13:00:00,P00067,2,20.13,0.2,refunded
O00002664,C000141,2024-11-25 05:00:00,P00063,2,51.52,0.0,completed
O00002665,C000141,2024-12-18 10:00:00,P00073,1,19.18,0.1,completed
O00002666,C000141,2025-01-15 20:00:00,P00005,1,22.57,0.0,completed
O00002667,C000141,2025-03-03 07:00:00,P00002,1,29.29,0.1,cancelled
O00002668,C000141,2025-03-12 08:00:00,P00046,2,90.86,0.1,completed
O00002669,C000141,2025-03-15 19:00:00,P00068,3,110.79,0.0,completed
O00002670,C000141,2025-03-21 03:00:00,P00032,3,34.27,0.2,completed
O00002671,C000141,2025-04-17 16:00:00,P00035,1,25.5,0.0,completed
O00002672,C000141,2025-06-01 10:00:00,P00065,2,83.41,0.2,completed
O00002673,C000141,2025-06-25 10:00:00,P00068,3,88.63,0.2,refunded
O00002674,C000141,2025-07-15 14:00:00,P00038,3,133.59,0.0,completed
O00002675,C000141,2025-09-06 00:00:00,P00031,2,9.86,0.0,completed
O00002676,C000141,2026-01-02 01:00:00,P00025,2,54.68,0.0,completed
O00002677,C000141,2026-01-28 17:00:00,P00026,1,27.81,0.0,completed
O00002678,C000141,2026-06-22 07:00:00,P00006,1,32.08,0.0,completed
O00002679,C000142,2025-07-04 20:00:00,P00014,2,16.38,0.2,completed
O00002680,C000142,2025-07-15 22:00:00,P00071,3,58.35,0.1,completed
O00002681,C000142,2025-07-16 23:00:00,P00024,2,39.76,0.0,completed
O00002682,C000142,2025-10-20 20:00:00,P00053,2,63.18,0.2,completed
O00002683,C000142,2025-12-22 03:00:00,P00043,2,17.24,0.0,completed
O00002684,C000142,2026-01-10 11:00:00,P00024,3,59.64,0.0,completed
O00002685,C000142,2026-01-21 06:00:00,P00049,2,79.96,0.1,refunded
O00002686,C000142,2026-01-22 18:00:00,P00074,2,23.92,0.2,completed
O00002687,C000142,2026-03-22 04:00:00,P00061,3,40.68,0.2,completed
O00002688,C000142,2026-05-10 05:00:00,P00069,1,175.77,0.0,completed
O00002689,C000142,2026-05-12 09:00:00,P00061,1,16.95,0.0,completed
O00002690,C000142,2026-06-29 21:00:00,P00027,3,55.59,0.0,completed
O00002691,C000143,2024-09-15 08:00:00,P00013,2,39.42,0.0,completed
O00002692,C000143,2024-10-19 20:00:00,P00012,3,39.21,0.0,completed
O00002693,C000143,2024-10-21 14:00:00,P00006,2,64.16,0.0,completed
O00002694,C000143,2024-10-21 11:00:00,P00055,1,10.21,0.0,completed
O00002695,C000143,2024-11-30 02:00:00,P00066,1,6.69,0.1,completed
O00002696,C000143,2024-12-24 00:00:00,P00056,1,22.05,0.0,completed
O00002697,C000144,2024-08-04 12:00:00,P00068,3,99.71,0.1,completed
O00002698,C000144,2024-08-17 02:00:00,P00031,2,9.86,0.0,refunded
O00002699,C000144,2024-10-01 05:00:00,P00000,3,109.27,0.2,completed
O00002700,C000144,2024-10-16 06:00:00,P00004,2,37.0,0.0,completed
O00002701,C000144,2024-10-18 23:00:00,P00050,2,100.5,0.0,completed
O00002702,C000144,2024-10-27 08:00:00,P00043,3,20.69,0.2,completed
O00002703,C000144,2024-12-03 17:00:00,P00035,3,76.5,0.0,completed
O00002704,C000144,2024-12-14 20:00:00,P00007,3,128.71,0.2,completed
O00002705,C000144,2025-01-07 04:00:00,P00061,2,33.9,0.0,refunded
O00002706,C000144,2025-03-01 15:00:00,P00014,1,10.24,0.0,completed
O00002707,C000144,2025-03-19 06:00:00,P00055,1,8.17,0.2,completed
O00002708,C000144,2025-03-24 23:00:00,P00004,2,29.6,0.2,completed
O00002709,C000144,2025-03-31 07:00:00,P00036,3,40.74,0.1,completed
O00002710,C000144,2025-04-12 13:00:00,P00045,2,32.04,0.0,completed
O00002711,C000144,2025-05-17 16:00:00,P00067,2,22.64,0.1,completed
O00002712,C000144,2025-05-25 23:00:00,P00001,2,36.58,0.0,completed
O00002713,C000144,2025-06-17 16:00:00,P00023,1,31.27,0.0,completed
O00002714,C000144,2025-10-18 00:00:00,P00025,1,24.61,0.1,completed
O00002715,C000144,2025-10-20 03:00:00,P00025,3,73.82,0.1,refunded
O00002716,C000144,2025-11-08 20:00:00,P00052,3,36.42,0.0,cancelled
O00002717,C000144,2025-11-15 11:00:00,P00062,1,25.86,0.2,completed
O00002718,C000144,2025-11-26 02:00:00,P00047,2,56.98,0.0,completed
O00002719,C000144,2025-12-12 03:00:00,P00052,1,12.14,0.0,completed
O00002720,C000144,2025-12-18 15:00:00,P00001,2,36.58,0.0,completed
O00002721,C000144,2026-01-16 09:00:00,P00034,3,63.17,0.2,completed
O00002722,C000144,2026-02-02 13:00:00,P00046,3,151.44,0.0,completed
O00002723,C000144,2026-02-18 16:00:00,P00073,1,21.31,0.0,completed
O00002724,C000144,2026-03-12 23:00:00,P00030,2,22.28,0.0,completed
O00002725,C000144,2026-03-24 17:00:00,P00003,1,24.16,0.0,refunded
O00002726,C000144,2026-05-06 14:00:00,P00014,2,20.48,0.0,completed
O00002727,C000144,2026-05-17 02:00:00,P00026,2,55.62,0.0,completed
O00002728,C000144,2026-05-19 22:00:00,P00015,2,21.8,0.0,cancelled
O00002729,C000144,2026-06-16 17:00:00,P00044,3,112.5,0.0,completed
O00002730,C000145,2024-06-19 01:00:00,P00029,1,24.16,0.1,completed
O00002731,C000145,2024-09-11 07:00:00,P00063,2,46.37,0.1,completed
O00002732,C000145,2024-11-05 07:00:00,P00013,1,15.77,0.2,completed
O00002733,C000145,2025-01-26 00:00:00,P00074,2,23.92,0.2,completed
O00002734,C000145,2025-02-04 19:00:00,P00053,1,39.49,0.0,completed
O00002735,C000145,2025-03-09 02:00:00,P00013,3,59.13,0.0,completed
O00002736,C000146,2024-08-09 23:00:00,P00004,3,49.95,0.1,completed
O00002737,C000146,2024-08-18 05:00:00,P00067,1,10.06,0.2,completed
O00002738,C000146,2024-09-12 13:00:00,P00058,1,21.71,0.0,completed
O00002739,C000146,2024-10-18 14:00:00,P00022,2,42.19,0.1,completed
O00002740,C000146,2024-11-25 05:00:00,P00059,1,12.08,0.1,completed
O00002741,C000146,2024-11-28 02:00:00,P00000,3,136.59,0.0,completed
O00002742,C000146,2024-12-21 02:00:00,P00058,3,52.1,0.2,completed
O00002743,C000146,2025-01-12 15:00:00,P00070,1,6.85,0.0,completed
O00002744,C000146,2025-01-20 22:00:00,P00038,1,44.53,0.0,completed
O00002745,C000146,2025-01-26 11:00:00,P00072,2,9.08,0.0,completed
O00002746,C000146,2025-02-26 09:00:00,P00019,2,34.0,0.0,completed
O00002747,C000146,2025-05-06 18:00:00,P00002,2,58.57,0.1,completed
O00002748,C000146,2025-05-12 03:00:00,P00017,1,4.97,0.0,completed
O00002749,C000146,2025-05-19 04:00:00,P00070,3,20.55,0.0,completed
O00002750,C000146,2025-06-05 22:00:00,P00069,2,351.54,0.0,completed
O00002751,C000146,2025-08-22 11:00:00,P00035,1,22.95,0.1,completed
O00002752,C000146,2025-09-25 03:00:00,P00015,2,21.8,0.0,completed
O00002753,C000146,2025-10-13 09:00:00,P00006,1,32.08,0.0,completed
O00002754,C000146,2026-01-04 23:00:00,P00031,3,13.31,0.1,completed
O00002755,C000147,2024-08-18 18:00:00,P00004,3,55.5,0.0,completed
O00002756,C000147,2024-08-20 09:00:00,P00046,3,151.44,0.0,completed
O00002757,C000147,2024-08-28 21:00:00,P00005,2,45.14,0.0,completed
O00002758,C000147,2024-09-01 17:00:00,P00065,2,104.26,0.0,completed
O00002759,C000147,2024-09-11 06:00:00,P00046,3,136.3,0.1,completed
O00002760,C000147,2024-09-13 15:00:00,P00046,3,151.44,0.0,completed
O00002761,C000147,2024-10-13 20:00:00,P00015,2,21.8,0.0,completed
O00002762,C000147,2024-10-28 15:00:00,P00013,2,31.54,0.2,completed
O00002763,C000147,2024-12-02 00:00:00,P00020,2,62.06,0.0,completed
O00002764,C000147,2024-12-12 21:00:00,P00030,2,22.28,0.0,completed
O00002765,C000147,2025-01-29 10:00:00,P00025,3,82.02,0.0,completed
O00002766,C000147,2025-01-29 04:00:00,P00011,2,33.7,0.1,completed
O00002767,C000147,2025-02-01 05:00:00,P00058,1,19.54,0.1,completed
O00002768,C000147,2025-02-05 04:00:00,P00004,1,14.8,0.2,completed
O00002769,C000147,2025-03-12 08:00:00,P00075,3,72.75,0.0,completed
O00002770,C000147,2025-03-12 22:00:00,P00009,1,33.62,0.0,completed
O00002771,C000147,2025-04-01 05:00:00,P00008,1,14.24,0.0,completed
O00002772,C000147,2025-04-01 11:00:00,P00071,3,58.35,0.1,completed
O00002773,C000147,2025-04-29 02:00:00,P00028,3,44.91,0.0,completed
O00002774,C000147,2025-05-04 07:00:00,P00040,1,12.35,0.0,completed
O00002775,C000147,2025-05-15 08:00:00,P00016,3,34.48,0.1,completed
O00002776,C000147,2025-05-24 13:00:00,P00024,1,15.9,0.2,completed
O00002777,C000147,2025-06-24 20:00:00,P00022,1,23.44,0.0,completed
O00002778,C000147,2025-06-28 16:00:00,P00025,2,54.68,0.0,completed
O00002779,C000147,2025-07-07 21:00:00,P00009,2,53.79,0.2,completed
O00002780,C000147,2025-07-11 15:00:00,P00008,1,14.24,0.0,completed
O00002781,C000147,2025-07-13 08:00:00,P00013,3,47.3,0.2,completed
O00002782,C000147,2025-07-30 22:00:00,P00039,2,33.31,0.2,completed
O00002783,C000147,2025-07-31 15:00:00,P00075,3,72.75,0.0,completed
O00002784,C000147,2025-08-17 14:00:00,P00073,1,17.05,0.2,completed
O00002785,C000147,2025-08-18 11:00:00,P00039,1,20.82,0.0,completed
O00002786,C000147,2025-08-26 23:00:00,P00033,3,47.85,0.0,completed
O00002787,C000147,2025-09-04 04:00:00,P00046,2,90.86,0.1,completed
O00002788,C000147,2025-09-06 19:00:00,P00039,1,20.82,0.0,completed
O00002789,C000147,2025-09-14 05:00:00,P00067,1,12.58,0.0,completed
O00002790,C000147,2025-10-10 22:00:00,P00002,2,65.08,0.0,completed
O00002791,C000147,2025-10-18 21:00:00,P00036,3,45.27,0.0,completed
O00002792,C000147,2025-10-24 04:00:00,P00007,2,107.26,0.0,completed
O00002793,C000147,2025-11-05 06:00:00,P00065,1,52.13,0.0,completed
O00002794,C000147,2025-11-25 17:00:00,P00005,1,22.57,0.0,completed
O00002795,C000147,2025-11-25 14:00:00,P00024,3,59.64,0.0,completed
O00002796,C000147,2026-01-01 20:00:00,P00039,3,62.46,0.0,completed
O00002797,C000147,2026-01-11 06:00:00,P00071,3,51.86,0.2,completed
O00002798,C000147,2026-01-19 07:00:00,P00035,2,51.0,0.0,completed
O00002799,C000147,2026-02-11 21:00:00,P00048,2,57.2,0.2,completed
O00002800,C000147,2026-02-19 20:00:00,P00000,1,45.53,0.0,completed
O00002801,C000147,2026-03-02 19:00:00,P00021,2,18.18,0.0,completed
O00002802,C000147,2026-03-04 17:00:00,P00072,1,4.54,0.0,completed
O00002803,C000147,2026-03-21 20:00:00,P00019,2,34.0,0.0,completed
O00002804,C000147,2026-03-26 09:00:00,P00049,2,79.96,0.1,cancelled
O00002805,C000147,2026-04-02 17:00:00,P00043,1,8.62,0.0,completed
O00002806,C000147,2026-04-16 10:00:00,P00027,2,33.35,0.1,completed
O00002807,C000147,2026-05-13 17:00:00,P00002,2,65.08,0.0,completed
O00002808,C000147,2026-05-29 19:00:00,P00035,3,76.5,0.0,completed
O00002809,C000147,2026-05-31 02:00:00,P00044,2,67.5,0.1,completed
O00002810,C000148,2024-07-07 08:00:00,P00051,2,67.68,0.2,completed
O00002811,C000148,2024-07-17 01:00:00,P00009,2,67.24,0.0,completed
O00002812,C000148,2024-07-31 22:00:00,P00010,2,34.94,0.0,completed
O00002813,C000148,2024-08-01 09:00:00,P00075,3,58.2,0.2,completed
O00002814,C000148,2024-08-17 09:00:00,P00052,3,36.42,0.0,completed
O00002815,C000148,2024-08-31 19:00:00,P00005,1,22.57,0.0,completed
O00002816,C000148,2024-09-06 02:00:00,P00036,3,45.27,0.0,completed
O00002817,C000148,2024-09-17 07:00:00,P00036,2,30.18,0.0,completed
O00002818,C000148,2024-09-21 11:00:00,P00057,3,168.15,0.0,completed
O00002819,C000148,2024-09-28 01:00:00,P00043,2,17.24,0.0,completed
O00002820,C000148,2024-10-03 08:00:00,P00073,1,21.31,0.0,completed
O00002821,C000148,2024-11-06 01:00:00,P00039,2,37.48,0.1,cancelled
O00002822,C000149,2024-01-29 17:00:00,P00041,3,53.43,0.0,completed
O00002823,C000149,2024-03-08 07:00:00,P00051,3,114.21,0.1,completed
O00002824,C000149,2024-03-17 09:00:00,P00057,3,151.33,0.1,completed
O00002825,C000149,2024-04-13 09:00:00,P00023,1,28.14,0.1,completed
O00002826,C000149,2024-06-14 20:00:00,P00040,1,9.88,0.2,refunded
O00002827,C000149,2024-06-16 20:00:00,P00044,1,37.5,0.0,completed
O00002828,C000149,2024-06-27 05:00:00,P00044,3,112.5,0.0,completed
O00002829,C000149,2024-07-09 23:00:00,P00026,3,83.43,0.0,completed
O00002830,C000149,2024-09-01 12:00:00,P00045,2,32.04,0.0,completed
O00002831,C000149,2024-10-15 14:00:00,P00067,3,37.74,0.0,completed
O00002832,C000149,2024-11-27 15:00:00,P00053,1,39.49,0.0,completed
O00002833,C000149,2025-04-08 18:00:00,P00025,3,73.82,0.1,completed
O00002834,C000149,2025-07-03 20:00:00,P00012,3,39.21,0.0,completed
O00002835,C000149,2025-07-16 18:00:00,P00015,1,10.9,0.0,completed
O00002836,C000149,2025-07-20 00:00:00,P00033,1,15.95,0.0,completed
O00002837,C000149,2025-09-07 20:00:00,P00024,1,19.88,0.0,completed
O00002838,C000149,2025-12-11 02:00:00,P00023,3,93.81,0.0,completed
O00002839,C000149,2026-02-01 20:00:00,P00079,3,93.19,0.2,completed
O00002840,C000149,2026-03-01 19:00:00,P00017,3,11.93,0.2,completed
O00002841,C000149,2026-03-23 07:00:00,P00025,2,49.21,0.1,completed
O00002842,C000149,2026-04-17 13:00:00,P00042,2,77.94,0.0,completed
O00002843,C000149,2026-05-09 20:00:00,P00037,1,22.61,0.1,completed
O00002844,C000149,2026-06-03 10:00:00,P00075,1,24.25,0.0,completed
O00002845,C000149,2026-06-10 14:00:00,P00079,2,77.66,0.0,completed
O00002846,C000150,2025-03-12 04:00:00,P00009,2,67.24,0.0,completed
O00002847,C000150,2025-03-24 07:00:00,P00059,3,36.23,0.1,completed
O00002848,C000150,2025-04-07 14:00:00,P00022,2,42.19,0.1,completed
O00002849,C000150,2025-04-27 10:00:00,P00020,1,27.93,0.1,completed
O00002850,C000150,2025-06-15 02:00:00,P00062,2,64.66,0.0,completed
O00002851,C000150,2025-06-29 05:00:00,P00062,2,51.73,0.2,refunded
O00002852,C000150,2025-07-03 09:00:00,P00068,3,110.79,0.0,completed
O00002853,C000150,2025-08-06 19:00:00,P00035,1,25.5,0.0,completed
O00002854,C000150,2025-08-28 20:00:00,P00056,3,66.15,0.0,completed
O00002855,C000150,2025-09-12 23:00:00,P00039,2,41.64,0.0,completed
O00002856,C000150,2025-10-15 14:00:00,P00021,2,18.18,0.0,completed
O00002857,C000150,2025-10-23 20:00:00,P00055,2,20.42,0.0,completed
O00002858,C000150,2025-10-30 19:00:00,P00051,3,126.9,0.0,refunded
O00002859,C000150,2025-11-07 10:00:00,P00056,1,19.85,0.1,completed
O00002860,C000150,2025-11-23 10:00:00,P00065,3,156.39,0.0,completed
O00002861,C000150,2026-01-13 10:00:00,P00071,2,38.9,0.1,completed
O00002862,C000150,2026-02-08 16:00:00,P00070,3,18.49,0.1,completed
O00002863,C000150,2026-03-04 10:00:00,P00055,2,20.42,0.0,completed
O00002864,C000150,2026-04-08 08:00:00,P00077,1,38.96,0.1,completed
O00002865,C000150,2026-04-10 16:00:00,P00049,1,35.54,0.2,completed
O00002866,C000150,2026-04-25 10:00:00,P00023,1,31.27,0.0,completed
O00002867,C000150,2026-06-05 22:00:00,P00059,3,40.26,0.0,completed
O00002868,C000150,2026-06-09 01:00:00,P00072,2,8.17,0.1,completed
O00002869,C000150,2026-06-25 12:00:00,P00063,3,61.82,0.2,completed
O00002870,C000150,2026-06-27 23:00:00,P00042,1,38.97,0.0,completed
O00002871,C000151,2025-06-06 23:00:00,P00032,3,42.84,0.0,completed
O00002872,C000152,2024-07-06 22:00:00,P00070,2,12.33,0.1,completed
O00002873,C000152,2024-08-09 04:00:00,P00072,1,4.54,0.0,completed
O00002874,C000152,2024-11-29 16:00:00,P00061,2,33.9,0.0,completed
O00002875,C000153,2024-09-21 13:00:00,P00015,2,19.62,0.1,completed
O00002876,C000153,2024-09-25 19:00:00,P00032,3,42.84,0.0,cancelled
O00002877,C000153,2024-09-26 11:00:00,P00061,1,15.26,0.1,completed
O00002878,C000153,2024-09-27 05:00:00,P00008,2,28.48,0.0,completed
O00002879,C000153,2024-10-22 11:00:00,P00035,2,51.0,0.0,completed
O00002880,C000153,2024-10-27 01:00:00,P00004,3,44.4,0.2,completed
O00002881,C000153,2024-11-07 00:00:00,P00036,3,36.22,0.2,completed
O00002882,C000153,2024-12-01 16:00:00,P00039,1,20.82,0.0,completed
O00002883,C000153,2024-12-02 02:00:00,P00040,2,19.76,0.2,completed
O00002884,C000153,2024-12-08 15:00:00,P00022,1,18.75,0.2,completed
O00002885,C000153,2024-12-10 03:00:00,P00044,1,37.5,0.0,completed
O00002886,C000153,2025-01-11 01:00:00,P00037,1,25.12,0.0,completed
O00002887,C000153,2025-02-08 17:00:00,P00007,3,160.89,0.0,completed
O00002888,C000153,2025-02-09 01:00:00,P00052,3,29.14,0.2,completed
O00002889,C000153,2025-02-11 08:00:00,P00050,1,45.22,0.1,completed
O00002890,C000153,2025-02-23 06:00:00,P00059,1,10.74,0.2,completed
O00002891,C000153,2025-03-27 17:00:00,P00002,2,65.08,0.0,completed
O00002892,C000153,2025-05-21 14:00:00,P00025,3,65.62,0.2,completed
O00002893,C000153,2025-06-02 18:00:00,P00071,2,43.22,0.0,completed
O00002894,C000153,2025-06-23 13:00:00,P00024,2,35.78,0.1,completed
O00002895,C000153,2025-07-03 15:00:00,P00065,1,41.7,0.2,completed
O00002896,C000153,2025-07-08 15:00:00,P00007,3,128.71,0.2,completed
O00002897,C000153,2025-07-20 12:00:00,P00032,1,14.28,0.0,completed
O00002898,C000153,2025-08-16 15:00:00,P00008,2,28.48,0.0,completed
O00002899,C000153,2025-09-20 02:00:00,P00053,3,118.47,0.0,completed
O00002900,C000153,2025-09-25 05:00:00,P00066,2,13.37,0.1,completed
O00002901,C000153,2025-10-06 04:00:00,P00070,1,6.85,0.0,completed
O00002902,C000153,2025-10-06 23:00:00,P00064,1,10.82,0.1,completed
O00002903,C000153,2025-10-22 19:00:00,P00009,2,53.79,0.2,completed
O00002904,C000153,2025-10-31 21:00:00,P00018,2,22.39,0.1,completed
O00002905,C000153,2025-11-02 15:00:00,P00077,2,69.26,0.2,completed
O00002906,C000153,2025-11-07 13:00:00,P00043,1,7.76,0.1,completed
O00002907,C000153,2025-11-18 16:00:00,P00067,3,30.19,0.2,completed
O00002908,C000153,2025-12-12 00:00:00,P00008,1,11.39,0.2,completed
O00002909,C000153,2026-01-12 17:00:00,P00076,2,127.02,0.0,completed
O00002910,C000153,2026-01-18 07:00:00,P00007,3,160.89,0.0,completed
O00002911,C000153,2026-01-27 23:00:00,P00079,1,31.06,0.2,completed
O00002912,C000153,2026-01-29 01:00:00,P00071,3,64.83,0.0,completed
O00002913,C000153,2026-02-17 22:00:00,P00030,2,22.28,0.0,completed
O00002914,C000153,2026-02-20 16:00:00,P00043,2,17.24,0.0,completed
O00002915,C000153,2026-02-25 04:00:00,P00075,3,72.75,0.0,completed
O00002916,C000153,2026-03-11 11:00:00,P00044,3,112.5,0.0,completed
O00002917,C000153,2026-03-17 22:00:00,P00013,3,59.13,0.0,completed
O00002918,C000153,2026-03-27 00:00:00,P00012,2,26.14,0.0,completed
O00002919,C000153,2026-04-26 22:00:00,P00070,2,12.33,0.1,completed
O00002920,C000153,2026-04-29 07:00:00,P00033,3,47.85,0.0,completed
O00002921,C000153,2026-05-05 19:00:00,P00061,2,27.12,0.2,completed
O00002922,C000153,2026-05-13 00:00:00,P00034,2,47.38,0.1,completed
O00002923,C000153,2026-05-24 00:00:00,P00054,3,21.91,0.2,completed
O00002924,C000153,2026-06-19 13:00:00,P00059,3,40.26,0.0,completed
O00002925,C000154,2024-07-04 18:00:00,P00005,3,67.71,0.0,completed
O00002926,C000155,2024-11-13 16:00:00,P00013,3,53.22,0.1,completed
O00002927,C000155,2024-12-23 17:00:00,P00012,3,35.29,0.1,completed
O00002928,C000155,2025-02-08 00:00:00,P00029,1,26.84,0.0,completed
O00002929,C000155,2025-02-24 04:00:00,P00040,3,33.34,0.1,completed
O00002930,C000155,2025-03-05 08:00:00,P00044,3,101.25,0.1,completed
O00002931,C000155,2025-03-13 21:00:00,P00053,1,39.49,0.0,completed
O00002932,C000155,2025-05-22 19:00:00,P00002,3,97.62,0.0,completed
O00002933,C000155,2025-06-02 11:00:00,P00038,3,106.87,0.2,completed
O00002934,C000155,2025-07-18 11:00:00,P00023,1,31.27,0.0,completed
O00002935,C000155,2025-10-29 16:00:00,P00050,3,150.75,0.0,completed
O00002936,C000155,2025-12-03 08:00:00,P00002,3,97.62,0.0,refunded
O00002937,C000155,2025-12-23 13:00:00,P00033,1,12.76,0.2,completed
O00002938,C000155,2025-12-28 22:00:00,P00077,3,129.87,0.0,completed
O00002939,C000155,2026-01-19 21:00:00,P00015,2,21.8,0.0,completed
O00002940,C000155,2026-03-11 12:00:00,P00005,2,40.63,0.1,completed
O00002941,C000155,2026-04-05 19:00:00,P00073,2,42.62,0.0,completed
O00002942,C000155,2026-04-15 16:00:00,P00017,2,9.94,0.0,completed
O00002943,C000155,2026-05-02 04:00:00,P00070,1,6.16,0.1,completed
O00002944,C000155,2026-05-07 19:00:00,P00041,1,17.81,0.0,completed
O00002945,C000155,2026-05-19 02:00:00,P00060,3,108.57,0.0,completed
O00002946,C000155,2026-05-28 05:00:00,P00060,2,72.38,0.0,completed
O00002947,C000156,2024-04-21 06:00:00,P00061,1,15.26,0.1,completed
O00002948,C000156,2024-04-26 12:00:00,P00061,2,33.9,0.0,completed
O00002949,C000156,2024-05-08 20:00:00,P00038,1,35.62,0.2,completed
O00002950,C000156,2024-05-09 11:00:00,P00046,3,151.44,0.0,cancelled
O00002951,C000156,2024-05-12 20:00:00,P00060,2,72.38,0.0,completed
O00002952,C000156,2024-05-17 04:00:00,P00045,3,38.45,0.2,completed
O00002953,C000156,2024-05-18 10:00:00,P00039,3,62.46,0.0,completed
O00002954,C000156,2024-05-20 00:00:00,P00020,1,31.03,0.0,completed
O00002955,C000156,2024-05-24 17:00:00,P00040,1,12.35,0.0,refunded
O00002956,C000156,2024-06-06 04:00:00,P00001,3,54.87,0.0,completed
O00002957,C000156,2024-06-07 04:00:00,P00045,3,43.25,0.1,completed
O00002958,C000156,2024-06-12 18:00:00,P00030,3,26.74,0.2,completed
O00002959,C000156,2024-06-17 08:00:00,P00001,3,54.87,0.0,refunded
O00002960,C000156,2024-06-21 03:00:00,P00059,3,40.26,0.0,completed
O00002961,C000156,2024-06-24 12:00:00,P00023,3,93.81,0.0,completed
O00002962,C000156,2024-06-30 02:00:00,P00063,3,77.28,0.0,completed
O00002963,C000156,2024-07-03 21:00:00,P00012,3,39.21,0.0,completed
O00002964,C000156,2024-07-04 08:00:00,P00068,3,88.63,0.2,completed
O00002965,C000156,2024-07-18 10:00:00,P00066,1,7.43,0.0,completed
O00002966,C000156,2024-07-25 20:00:00,P00000,2,91.06,0.0,completed
O00002967,C000156,2024-07-29 22:00:00,P00000,1,45.53,0.0,completed
O00002968,C000156,2024-08-05 16:00:00,P00050,3,120.6,0.2,completed
O00002969,C000156,2024-08-10 06:00:00,P00069,3,527.31,0.0,completed
O00002970,C000156,2024-08-16 23:00:00,P00014,2,20.48,0.0,completed
O00002971,C000156,2024-08-27 05:00:00,P00013,1,15.77,0.2,completed
O00002972,C000156,2024-08-30 15:00:00,P00051,3,101.52,0.2,completed
O00002973,C000156,2024-09-17 00:00:00,P00012,1,13.07,0.0,completed
O00002974,C000156,2024-09-24 13:00:00,P00004,2,37.0,0.0,cancelled
O00002975,C000156,2024-09-30 22:00:00,P00079,3,116.49,0.0,completed
O00002976,C000156,2024-10-17 18:00:00,P00078,3,44.35,0.2,completed
O00002977,C000156,2024-10-23 02:00:00,P00062,3,77.59,0.2,completed
O00002978,C000156,2024-10-31 02:00:00,P00009,3,80.69,0.2,completed
O00002979,C000156,2024-10-31 16:00:00,P00026,2,44.5,0.2,completed
O00002980,C000156,2024-11-02 11:00:00,P00072,2,9.08,0.0,completed
O00002981,C000156,2024-11-10 05:00:00,P00079,3,93.19,0.2,completed
O00002982,C000156,2024-11-28 19:00:00,P00009,1,33.62,0.0,completed
O00002983,C000156,2024-12-08 13:00:00,P00048,3,107.25,0.0,completed
O00002984,C000156,2024-12-12 03:00:00,P00069,3,527.31,0.0,completed
O00002985,C000156,2024-12-15 23:00:00,P00004,2,33.3,0.1,completed
O00002986,C000156,2024-12-15 20:00:00,P00071,1,19.45,0.1,completed
O00002987,C000156,2024-12-19 13:00:00,P00001,2,29.26,0.2,completed
O00002988,C000156,2024-12-20 15:00:00,P00051,2,76.14,0.1,completed
O00002989,C000156,2025-01-02 13:00:00,P00011,1,16.85,0.1,completed
O00002990,C000156,2025-01-05 17:00:00,P00016,3,38.31,0.0,completed
O00002991,C000156,2025-01-08 13:00:00,P00067,3,37.74,0.0,completed
O00002992,C000156,2025-01-15 10:00:00,P00057,3,168.15,0.0,completed
O00002993,C000156,2025-01-23 00:00:00,P00069,3,527.31,0.0,completed
O00002994,C000156,2025-01-24 13:00:00,P00055,1,10.21,0.0,completed
O00002995,C000156,2025-01-28 04:00:00,P00012,3,39.21,0.0,completed
O00002996,C000156,2025-01-29 16:00:00,P00006,3,96.24,0.0,completed
O00002997,C000156,2025-02-14 20:00:00,P00073,3,63.93,0.0,completed
O00002998,C000156,2025-02-15 18:00:00,P00072,3,13.62,0.0,completed
O00002999,C000156,2025-02-17 06:00:00,P00059,1,12.08,0.1,completed
O00003000,C000156,2025-02-18 02:00:00,P00022,2,46.88,0.0,completed
O00003001,C000156,2025-03-02 14:00:00,P00059,3,36.23,0.1,completed
O00003002,C000156,2025-03-05 17:00:00,P00067,3,37.74,0.0,completed
O00003003,C000156,2025-03-28 06:00:00,P00027,2,37.06,0.0,completed
O00003004,C000156,2025-03-31 08:00:00,P00059,3,40.26,0.0,completed
O00003005,C000156,2025-04-28 09:00:00,P00065,3,125.11,0.2,completed
O00003006,C000156,2025-05-24 18:00:00,P00025,2,49.21,0.1,completed
O00003007,C000156,2025-05-31 20:00:00,P00039,3,62.46,0.0,completed
O00003008,C000156,2025-06-02 06:00:00,P00056,2,44.1,0.0,completed
O00003009,C000156,2025-06-23 10:00:00,P00079,2,77.66,0.0,completed
O00003010,C000156,2025-06-26 08:00:00,P00004,2,37.0,0.0,completed
O00003011,C000156,2025-07-15 12:00:00,P00032,2,22.85,0.2,completed
O00003012,C000156,2025-08-05 06:00:00,P00034,3,78.96,0.0,completed
O00003013,C000156,2025-08-06 14:00:00,P00002,1,32.54,0.0,cancelled
O00003014,C000156,2025-08-09 10:00:00,P00031,3,11.83,0.2,completed
O00003015,C000156,2025-08-15 18:00:00,P00015,2,21.8,0.0,completed
O00003016,C000156,2025-08-20 21:00:00,P00046,3,151.44,0.0,completed
O00003017,C000156,2025-09-03 15:00:00,P00062,2,64.66,0.0,completed
O00003018,C000156,2025-09-08 19:00:00,P00065,2,104.26,0.0,refunded
O00003019,C000156,2025-09-10 04:00:00,P00072,3,10.9,0.2,completed
O00003020,C000156,2025-09-13 01:00:00,P00071,3,64.83,0.0,completed
O00003021,C000156,2025-09-18 14:00:00,P00006,1,32.08,0.0,completed
O00003022,C000156,2025-09-26 08:00:00,P00048,1,28.6,0.2,refunded
O00003023,C000156,2025-10-02 04:00:00,P00006,1,32.08,0.0,completed
O00003024,C000156,2025-10-09 16:00:00,P00064,3,36.06,0.0,completed
O00003025,C000156,2025-10-10 16:00:00,P00031,2,9.86,0.0,completed
O00003026,C000156,2025-10-11 17:00:00,P00038,1,44.53,0.0,completed
O00003027,C000156,2025-10-11 20:00:00,P00015,3,29.43,0.1,completed
O00003028,C000156,2025-10-18 00:00:00,P00003,1,24.16,0.0,completed
O00003029,C000156,2025-10-27 11:00:00,P00018,2,24.88,0.0,completed
O00003030,C000156,2025-11-04 01:00:00,P00039,3,62.46,0.0,completed
O00003031,C000156,2025-11-05 12:00:00,P00070,2,10.96,0.2,completed
O00003032,C000156,2025-11-10 10:00:00,P00050,2,100.5,0.0,completed
O00003033,C000156,2025-11-11 05:00:00,P00052,1,10.93,0.1,completed
O00003034,C000156,2025-11-12 16:00:00,P00066,1,7.43,0.0,completed
O00003035,C000156,2025-11-13 22:00:00,P00048,2,64.35,0.1,completed
O00003036,C000156,2025-11-15 23:00:00,P00036,3,45.27,0.0,completed
O00003037,C000156,2025-12-04 20:00:00,P00020,2,49.65,0.2,refunded
O00003038,C000156,2025-12-14 00:00:00,P00027,1,18.53,0.0,completed
O00003039,C000156,2025-12-16 08:00:00,P00017,1,3.98,0.2,completed
O00003040,C000156,2025-12-16 09:00:00,P00050,3,150.75,0.0,completed
O00003041,C000156,2025-12-21 04:00:00,P00001,3,43.9,0.2,completed
O00003042,C000156,2025-12-26 05:00:00,P00035,3,76.5,0.0,completed
O00003043,C000156,2025-12-29 09:00:00,P00004,3,55.5,0.0,completed
O00003044,C000156,2026-01-02 16:00:00,P00043,2,17.24,0.0,refunded
O00003045,C000156,2026-01-08 05:00:00,P00073,2,34.1,0.2,completed
O00003046,C000156,2026-01-28 18:00:00,P00079,3,116.49,0.0,completed
O00003047,C000156,2026-01-31 20:00:00,P00041,1,16.03,0.1,completed
O00003048,C000156,2026-02-01 17:00:00,P00021,2,18.18,0.0,completed
O00003049,C000156,2026-02-04 12:00:00,P00009,2,67.24,0.0,completed
O00003050,C000156,2026-02-10 12:00:00,P00071,1,21.61,0.0,completed
O00003051,C000156,2026-02-11 20:00:00,P00033,1,14.36,0.1,completed
O00003052,C000156,2026-02-17 13:00:00,P00051,3,126.9,0.0,completed
O00003053,C000156,2026-02-26 01:00:00,P00064,2,24.04,0.0,completed
O00003054,C000156,2026-02-28 02:00:00,P00026,2,44.5,0.2,completed
O00003055,C000156,2026-03-06 21:00:00,P00047,2,51.28,0.1,completed
O00003056,C000156,2026-03-07 01:00:00,P00030,2,20.05,0.1,completed
O00003057,C000156,2026-03-12 14:00:00,P00035,1,25.5,0.0,completed
O00003058,C000156,2026-03-24 19:00:00,P00007,2,107.26,0.0,refunded
O00003059,C000156,2026-04-02 04:00:00,P00050,3,150.75,0.0,refunded
O00003060,C000156,2026-04-10 12:00:00,P00014,3,30.72,0.0,cancelled
O00003061,C000156,2026-04-15 01:00:00,P00043,3,25.86,0.0,completed
O00003062,C000156,2026-04-23 05:00:00,P00075,1,24.25,0.0,refunded
O00003063,C000156,2026-04-25 10:00:00,P00078,2,36.96,0.0,completed
O00003064,C000156,2026-05-03 06:00:00,P00069,3,527.31,0.0,completed
O00003065,C000156,2026-05-04 20:00:00,P00073,3,63.93,0.0,completed
O00003066,C000156,2026-05-07 14:00:00,P00076,1,63.51,0.0,completed
O00003067,C000156,2026-05-13 09:00:00,P00029,2,48.31,0.1,completed
O00003068,C000156,2026-05-25 04:00:00,P00053,1,35.54,0.1,completed
O00003069,C000156,2026-05-29 21:00:00,P00002,1,26.03,0.2,completed
O00003070,C000156,2026-05-29 06:00:00,P00011,1,18.72,0.0,completed
O00003071,C000156,2026-06-22 22:00:00,P00003,2,38.66,0.2,completed
O00003072,C000156,2026-06-28 03:00:00,P00027,1,16.68,0.1,completed
O00003073,C000157,2024-11-05 01:00:00,P00025,1,21.87,0.2,completed
O00003074,C000157,2024-11-06 20:00:00,P00072,3,13.62,0.0,completed
O00003075,C000157,2025-02-11 18:00:00,P00056,3,66.15,0.0,completed
O00003076,C000157,2025-08-07 06:00:00,P00017,1,4.47,0.1,completed
O00003077,C000157,2025-08-11 23:00:00,P00048,2,71.5,0.0,completed
O00003078,C000157,2025-09-05 00:00:00,P00002,2,65.08,0.0,completed
O00003079,C000158,2025-01-08 17:00:00,P00014,3,30.72,0.0,completed
O00003080,C000158,2025-02-12 05:00:00,P00037,2,50.24,0.0,completed
O00003081,C000158,2025-03-05 11:00:00,P00063,2,51.52,0.0,completed
O00003082,C000158,2025-05-07 03:00:00,P00034,1,26.32,0.0,completed
O00003083,C000159,2025-01-28 16:00:00,P00079,2,69.89,0.1,completed
O00003084,C000159,2025-01-29 04:00:00,P00012,3,31.37,0.2,completed
O00003085,C000159,2025-02-07 14:00:00,P00060,3,97.71,0.1,completed
O00003086,C000159,2025-02-18 00:00:00,P00045,2,28.84,0.1,cancelled
O00003087,C000159,2025-02-19 15:00:00,P00015,3,32.7,0.0,completed
O00003088,C000159,2025-02-23 05:00:00,P00075,3,72.75,0.0,completed
O00003089,C000159,2025-03-12 13:00:00,P00070,1,6.16,0.1,completed
O00003090,C000159,2025-03-12 07:00:00,P00006,2,51.33,0.2,completed
O00003091,C000159,2025-04-15 16:00:00,P00021,1,8.18,0.1,completed
O00003092,C000159,2025-04-25 17:00:00,P00022,2,46.88,0.0,completed
O00003093,C000159,2025-05-07 17:00:00,P00035,2,51.0,0.0,completed
O00003094,C000159,2025-05-08 20:00:00,P00049,2,88.84,0.0,completed
O00003095,C000159,2025-05-08 19:00:00,P00029,3,80.52,0.0,completed
O00003096,C000159,2025-05-24 04:00:00,P00052,3,36.42,0.0,completed
O00003097,C000159,2025-08-01 13:00:00,P00041,1,17.81,0.0,completed
O00003098,C000159,2025-08-08 19:00:00,P00073,1,21.31,0.0,completed
O00003099,C000159,2025-08-20 08:00:00,P00006,1,25.66,0.2,completed
O00003100,C000159,2025-09-01 18:00:00,P00007,3,160.89,0.0,completed
O00003101,C000159,2025-09-12 03:00:00,P00032,3,42.84,0.0,completed
O00003102,C000159,2025-09-17 21:00:00,P00063,2,46.37,0.1,completed
O00003103,C000159,2025-09-23 21:00:00,P00062,1,29.1,0.1,completed
O00003104,C000159,2025-09-25 01:00:00,P00069,1,158.19,0.1,completed
O00003105,C000159,2025-10-14 09:00:00,P00013,3,47.3,0.2,completed
O00003106,C000159,2025-10-23 23:00:00,P00004,2,37.0,0.0,completed
O00003107,C000159,2025-10-28 04:00:00,P00066,3,22.29,0.0,completed
O00003108,C000159,2025-11-26 07:00:00,P00011,2,29.95,0.2,completed
O00003109,C000159,2025-11-28 15:00:00,P00042,3,116.91,0.0,completed
O00003110,C000159,2025-12-17 13:00:00,P00035,2,51.0,0.0,completed
O00003111,C000159,2025-12-27 18:00:00,P00059,1,10.74,0.2,completed
O00003112,C000159,2025-12-30 12:00:00,P00040,1,12.35,0.0,completed
O00003113,C000159,2026-01-01 19:00:00,P00000,1,45.53,0.0,completed
O00003114,C000159,2026-02-03 09:00:00,P00022,1,23.44,0.0,refunded
O00003115,C000159,2026-02-03 15:00:00,P00069,2,316.39,0.1,completed
O00003116,C000159,2026-03-10 21:00:00,P00055,2,16.34,0.2,completed
O00003117,C000159,2026-03-20 09:00:00,P00069,2,351.54,0.0,completed
O00003118,C000159,2026-04-03 01:00:00,P00036,1,15.09,0.0,completed
O00003119,C000159,2026-04-07 07:00:00,P00028,3,44.91,0.0,completed
O00003120,C000159,2026-04-08 09:00:00,P00053,2,71.08,0.1,completed
O00003121,C000159,2026-04-09 15:00:00,P00022,1,21.1,0.1,completed
O00003122,C000159,2026-04-15 15:00:00,P00073,1,21.31,0.0,completed
O00003123,C000159,2026-05-12 17:00:00,P00019,2,27.2,0.2,completed
O00003124,C000159,2026-05-16 09:00:00,P00050,2,100.5,0.0,completed
O00003125,C000159,2026-05-30 10:00:00,P00034,3,71.06,0.1,completed
O00003126,C000159,2026-06-11 12:00:00,P00071,2,43.22,0.0,completed
O00003127,C000159,2026-06-14 22:00:00,P00017,2,9.94,0.0,completed
O00003128,C000159,2026-06-21 23:00:00,P00036,3,45.27,0.0,completed
O00003129,C000160,2024-02-12 16:00:00,P00034,1,26.32,0.0,completed
O00003130,C000160,2024-02-20 04:00:00,P00001,2,36.58,0.0,completed
O00003131,C000160,2024-02-24 02:00:00,P00024,3,47.71,0.2,completed
O00003132,C000160,2024-02-24 03:00:00,P00060,3,97.71,0.1,completed
O00003133,C000160,2024-03-02 15:00:00,P00052,3,36.42,0.0,completed
O00003134,C000160,2024-03-04 19:00:00,P00021,3,21.82,0.2,completed
O00003135,C000160,2024-03-12 16:00:00,P00044,3,101.25,0.1,completed
O00003136,C000160,2024-03-21 11:00:00,P00012,3,39.21,0.0,completed
O00003137,C000160,2024-03-24 23:00:00,P00016,3,30.65,0.2,completed
O00003138,C000160,2024-04-03 02:00:00,P00003,2,48.32,0.0,completed
O00003139,C000160,2024-04-16 17:00:00,P00051,1,42.3,0.0,completed
O00003140,C000160,2024-05-03 12:00:00,P00010,2,31.45,0.1,completed
O00003141,C000160,2024-05-10 00:00:00,P00022,2,46.88,0.0,refunded
O00003142,C000160,2024-05-15 11:00:00,P00042,1,35.07,0.1,completed
O00003143,C000160,2024-05-24 06:00:00,P00077,2,86.58,0.0,completed
O00003144,C000160,2024-06-03 19:00:00,P00037,2,50.24,0.0,completed
O00003145,C000160,2024-06-16 07:00:00,P00055,3,30.63,0.0,completed
O00003146,C000160,2024-06-19 19:00:00,P00076,2,127.02,0.0,completed
O00003147,C000160,2024-06-28 07:00:00,P00029,1,26.84,0.0,completed
O00003148,C000160,2024-07-15 04:00:00,P00024,1,19.88,0.0,refunded
O00003149,C000160,2024-07-30 14:00:00,P00062,3,87.29,0.1,completed
O00003150,C000160,2024-08-03 01:00:00,P00033,3,38.28,0.2,completed
O00003151,C000160,2024-08-18 13:00:00,P00051,3,101.52,0.2,completed
O00003152,C000160,2024-08-18 04:00:00,P00037,3,75.36,0.0,completed
O00003153,C000160,2024-09-16 10:00:00,P00029,2,53.68,0.0,completed
O00003154,C000160,2024-09-17 01:00:00,P00028,3,44.91,0.0,completed
O00003155,C000160,2024-09-18 08:00:00,P00058,1,21.71,0.0,completed
O00003156,C000160,2024-09-30 09:00:00,P00059,3,40.26,0.0,completed
O00003157,C000160,2024-10-04 06:00:00,P00063,3,69.55,0.1,completed
O00003158,C000160,2024-10-05 08:00:00,P00075,1,24.25,0.0,completed
O00003159,C000160,2024-11-02 01:00:00,P00075,1,24.25,0.0,completed
O00003160,C000160,2024-11-13 11:00:00,P00067,2,25.16,0.0,cancelled
O00003161,C000160,2024-11-16 02:00:00,P00037,1,25.12,0.0,completed
O00003162,C000160,2024-12-31 00:00:00,P00040,1,12.35,0.0,completed
O00003163,C000160,2025-01-08 04:00:00,P00034,1,26.32,0.0,completed
O00003164,C000160,2025-01-15 13:00:00,P00035,1,25.5,0.0,completed
O00003165,C000160,2025-01-15 18:00:00,P00051,1,33.84,0.2,completed
O00003166,C000160,2025-01-16 05:00:00,P00045,2,32.04,0.0,completed
O00003167,C000160,2025-02-09 14:00:00,P00044,2,60.0,0.2,completed
O00003168,C000160,2025-03-03 07:00:00,P00077,2,86.58,0.0,completed
O00003169,C000160,2025-03-17 05:00:00,P00038,3,120.23,0.1,completed
O00003170,C000160,2025-03-22 12:00:00,P00025,2,54.68,0.0,completed
O00003171,C000160,2025-03-27 01:00:00,P00022,3,56.26,0.2,completed
O00003172,C000160,2025-04-10 17:00:00,P00024,1,19.88,0.0,completed
O00003173,C000160,2025-04-13 06:00:00,P00032,2,28.56,0.0,completed
O00003174,C000160,2025-04-25 09:00:00,P00044,1,37.5,0.0,completed
O00003175,C000160,2025-05-12 18:00:00,P00058,2,43.42,0.0,completed
O00003176,C000160,2025-05-18 15:00:00,P00011,3,56.16,0.0,completed
O00003177,C000160,2025-05-19 03:00:00,P00052,1,12.14,0.0,completed
O00003178,C000160,2025-06-05 07:00:00,P00065,3,156.39,0.0,completed
O00003179,C000160,2025-06-05 09:00:00,P00026,2,55.62,0.0,completed
O00003180,C000160,2025-06-08 23:00:00,P00024,2,39.76,0.0,completed
O00003181,C000160,2025-06-17 05:00:00,P00009,2,53.79,0.2,completed
O00003182,C000160,2025-06-17 19:00:00,P00001,3,54.87,0.0,completed
O00003183,C000160,2025-06-23 00:00:00,P00000,1,45.53,0.0,completed
O00003184,C000160,2025-07-23 12:00:00,P00007,3,160.89,0.0,completed
O00003185,C000160,2025-07-29 13:00:00,P00058,1,19.54,0.1,completed
O00003186,C000160,2025-08-06 05:00:00,P00050,3,120.6,0.2,completed
O00003187,C000160,2025-09-05 21:00:00,P00029,3,80.52,0.0,completed
O00003188,C000160,2025-09-22 13:00:00,P00072,1,3.63,0.2,completed
O00003189,C000160,2025-10-06 08:00:00,P00020,3,83.78,0.1,completed
O00003190,C000160,2025-11-02 20:00:00,P00002,2,65.08,0.0,completed
O00003191,C000160,2025-11-07 08:00:00,P00073,3,63.93,0.0,completed
O00003192,C000160,2025-11-19 07:00:00,P00014,3,24.58,0.2,completed
O00003193,C000160,2025-11-30 14:00:00,P00070,2,13.7,0.0,completed
O00003194,C000160,2025-12-03 22:00:00,P00053,1,35.54,0.1,completed
O00003195,C000160,2025-12-15 04:00:00,P00079,3,116.49,0.0,completed
O00003196,C000160,2025-12-17 16:00:00,P00046,3,136.3,0.1,completed
O00003197,C000160,2025-12-21 14:00:00,P00027,3,44.47,0.2,completed
O00003198,C000160,2025-12-21 04:00:00,P00028,3,35.93,0.2,completed
O00003199,C000160,2025-12-23 21:00:00,P00035,1,25.5,0.0,completed
O00003200,C000160,2025-12-25 21:00:00,P00051,2,76.14,0.1,completed
O00003201,C000160,2025-12-28 18:00:00,P00035,3,76.5,0.0,completed
O00003202,C000160,2026-01-02 05:00:00,P00011,3,56.16,0.0,refunded
O00003203,C000160,2026-01-18 03:00:00,P00016,3,38.31,0.0,completed
O00003204,C000160,2026-01-26 16:00:00,P00073,3,57.54,0.1,completed
O00003205,C000160,2026-02-28 11:00:00,P00015,2,17.44,0.2,completed
O00003206,C000160,2026-02-28 18:00:00,P00056,3,66.15,0.0,completed
O00003207,C000160,2026-03-13 07:00:00,P00059,3,40.26,0.0,completed
O00003208,C000160,2026-03-18 08:00:00,P00007,1,53.63,0.0,completed
O00003209,C000160,2026-03-25 07:00:00,P00059,3,40.26,0.0,completed
O00003210,C000160,2026-04-04 16:00:00,P00014,2,20.48,0.0,completed
O00003211,C000160,2026-04-13 19:00:00,P00027,2,33.35,0.1,completed
O00003212,C000160,2026-05-25 22:00:00,P00066,2,14.86,0.0,completed
O00003213,C000160,2026-06-04 17:00:00,P00006,3,76.99,0.2,completed
O00003214,C000160,2026-06-11 17:00:00,P00018,1,9.95,0.2,completed
O00003215,C000160,2026-06-18 19:00:00,P00066,3,22.29,0.0,completed
O00003216,C000160,2026-06-20 22:00:00,P00007,3,160.89,0.0,refunded
O00003217,C000160,2026-06-22 23:00:00,P00031,2,9.86,0.0,completed
O00003218,C000160,2026-06-22 09:00:00,P00012,1,13.07,0.0,completed
O00003219,C000160,2026-06-24 03:00:00,P00015,2,21.8,0.0,completed
O00003220,C000161,2025-06-18 18:00:00,P00045,1,16.02,0.0,completed
O00003221,C000161,2025-07-18 08:00:00,P00007,3,160.89,0.0,completed
O00003222,C000161,2025-07-24 18:00:00,P00038,3,133.59,0.0,completed
O00003223,C000161,2025-10-23 00:00:00,P00031,3,14.79,0.0,completed
O00003224,C000161,2025-12-08 19:00:00,P00058,3,58.62,0.1,completed
O00003225,C000161,2025-12-10 21:00:00,P00040,1,11.12,0.1,completed
O00003226,C000161,2025-12-24 01:00:00,P00005,2,36.11,0.2,completed
O00003227,C000161,2026-01-10 01:00:00,P00001,2,29.26,0.2,completed
O00003228,C000161,2026-01-13 10:00:00,P00064,1,12.02,0.0,completed
O00003229,C000161,2026-01-15 06:00:00,P00027,3,44.47,0.2,completed
O00003230,C000161,2026-02-04 00:00:00,P00009,2,53.79,0.2,completed
O00003231,C000161,2026-02-05 01:00:00,P00064,3,36.06,0.0,completed
O00003232,C000161,2026-03-17 20:00:00,P00003,3,72.48,0.0,cancelled
O00003233,C000161,2026-06-02 05:00:00,P00016,2,25.54,0.0,completed
O00003234,C000162,2024-04-23 00:00:00,P00006,3,96.24,0.0,completed
O00003235,C000162,2024-04-26 10:00:00,P00079,2,77.66,0.0,completed
O00003236,C000162,2024-05-02 18:00:00,P00045,2,32.04,0.0,completed
O00003237,C000162,2024-05-28 13:00:00,P00033,2,31.9,0.0,completed
O00003238,C000162,2024-06-26 23:00:00,P00074,1,14.95,0.0,refunded
O00003239,C000162,2024-06-27 09:00:00,P00013,3,59.13,0.0,completed
O00003240,C000162,2024-07-27 18:00:00,P00016,2,25.54,0.0,completed
O00003241,C000162,2024-07-27 03:00:00,P00049,3,119.93,0.1,completed
O00003242,C000162,2024-08-25 11:00:00,P00033,1,12.76,0.2,completed
O00003243,C000162,2024-08-31 19:00:00,P00011,1,18.72,0.0,completed
O00003244,C000162,2024-09-13 04:00:00,P00036,1,15.09,0.0,completed
O00003245,C000162,2024-09-16 01:00:00,P00020,1,31.03,0.0,completed
O00003246,C000162,2024-09-26 14:00:00,P00065,3,156.39,0.0,completed
O00003247,C000162,2024-10-14 01:00:00,P00013,3,53.22,0.1,completed
O00003248,C000162,2024-10-15 00:00:00,P00027,2,37.06,0.0,completed
O00003249,C000162,2024-10-25 05:00:00,P00056,1,22.05,0.0,completed
O00003250,C000162,2024-11-13 00:00:00,P00023,1,25.02,0.2,refunded
O00003251,C000162,2024-11-13 16:00:00,P00061,1,16.95,0.0,completed
O00003252,C000162,2024-11-14 06:00:00,P00041,2,28.5,0.2,refunded
O00003253,C000162,2024-11-20 10:00:00,P00009,1,30.26,0.1,completed
O00003254,C000162,2024-11-22 16:00:00,P00072,3,12.26,0.1,completed
O00003255,C000162,2024-11-23 08:00:00,P00060,1,36.19,0.0,completed
O00003256,C000162,2024-11-28 19:00:00,P00034,3,78.96,0.0,completed
O00003257,C000162,2024-12-06 08:00:00,P00016,3,38.31,0.0,completed
O00003258,C000162,2024-12-20 03:00:00,P00043,1,7.76,0.1,completed
O00003259,C000162,2025-02-03 13:00:00,P00006,1,25.66,0.2,completed
O00003260,C000162,2025-02-05 18:00:00,P00015,2,19.62,0.1,completed
O00003261,C000162,2025-02-06 22:00:00,P00034,3,78.96,0.0,completed
O00003262,C000162,2025-02-06 11:00:00,P00031,1,3.94,0.2,completed
O00003263,C000162,2025-02-17 05:00:00,P00007,1,48.27,0.1,completed
O00003264,C000162,2025-03-03 09:00:00,P00045,1,14.42,0.1,completed
O00003265,C000162,2025-03-22 06:00:00,P00072,3,13.62,0.0,completed
O00003266,C000162,2025-03-24 22:00:00,P00019,1,13.6,0.2,completed
O00003267,C000162,2025-03-31 02:00:00,P00077,2,77.92,0.1,completed
O00003268,C000162,2025-04-13 00:00:00,P00070,1,6.85,0.0,completed
O00003269,C000162,2025-06-17 09:00:00,P00015,1,10.9,0.0,completed
O00003270,C000162,2025-06-29 11:00:00,P00075,2,38.8,0.2,completed
O00003271,C000162,2025-07-24 17:00:00,P00055,3,30.63,0.0,completed
O00003272,C000162,2025-07-29 00:00:00,P00034,2,52.64,0.0,completed
O00003273,C000162,2025-07-30 05:00:00,P00018,2,22.39,0.1,completed
O00003274,C000162,2025-08-21 15:00:00,P00072,3,13.62,0.0,completed
O00003275,C000162,2025-08-31 04:00:00,P00014,3,30.72,0.0,completed
O00003276,C000162,2025-09-11 08:00:00,P00066,3,20.06,0.1,completed
O00003277,C000162,2025-09-30 00:00:00,P00061,2,33.9,0.0,completed
O00003278,C000162,2025-10-07 09:00:00,P00033,2,28.71,0.1,completed
O00003279,C000162,2025-10-15 10:00:00,P00078,2,36.96,0.0,completed
O00003280,C000162,2025-10-23 05:00:00,P00063,1,25.76,0.0,completed
O00003281,C000162,2025-11-20 01:00:00,P00027,1,18.53,0.0,completed
O00003282,C000162,2026-01-10 02:00:00,P00047,2,45.58,0.2,completed
O00003283,C000162,2026-01-26 22:00:00,P00062,3,96.99,0.0,completed
O00003284,C000162,2026-03-02 02:00:00,P00012,1,13.07,0.0,completed
O00003285,C000162,2026-03-19 10:00:00,P00018,2,24.88,0.0,completed
O00003286,C000162,2026-04-03 22:00:00,P00001,1,18.29,0.0,completed
O00003287,C000162,2026-04-03 04:00:00,P00013,2,39.42,0.0,completed
O00003288,C000162,2026-04-20 20:00:00,P00072,3,13.62,0.0,completed
O00003289,C000162,2026-05-21 09:00:00,P00077,1,43.29,0.0,completed
O00003290,C000162,2026-06-09 21:00:00,P00059,1,12.08,0.1,completed
O00003291,C000162,2026-06-16 18:00:00,P00017,1,3.98,0.2,completed
O00003292,C000163,2024-01-19 10:00:00,P00068,3,99.71,0.1,completed
O00003293,C000163,2024-01-20 05:00:00,P00063,3,77.28,0.0,completed
O00003294,C000163,2024-01-20 12:00:00,P00047,2,56.98,0.0,completed
O00003295,C000163,2024-02-23 06:00:00,P00079,3,116.49,0.0,completed
O00003296,C000163,2024-06-13 22:00:00,P00000,3,109.27,0.2,completed
O00003297,C000163,2024-06-15 14:00:00,P00063,3,77.28,0.0,completed
O00003298,C000163,2024-06-22 04:00:00,P00024,1,19.88,0.0,completed
O00003299,C000163,2024-08-14 01:00:00,P00052,2,24.28,0.0,completed
O00003300,C000163,2024-10-05 17:00:00,P00000,3,136.59,0.0,completed
O00003301,C000163,2024-10-12 22:00:00,P00059,2,26.84,0.0,completed
O00003302,C000163,2024-11-08 17:00:00,P00063,1,25.76,0.0,completed
O00003303,C000163,2024-11-18 22:00:00,P00056,3,66.15,0.0,completed
O00003304,C000163,2025-01-08 03:00:00,P00049,1,44.42,0.0,completed
O00003305,C000163,2025-01-17 01:00:00,P00000,3,109.27,0.2,completed
O00003306,C000163,2025-02-08 01:00:00,P00061,3,50.85,0.0,completed
O00003307,C000163,2025-02-10 22:00:00,P00004,2,37.0,0.0,completed
O00003308,C000163,2025-02-25 00:00:00,P00059,3,40.26,0.0,completed
O00003309,C000163,2025-02-26 09:00:00,P00016,3,38.31,0.0,completed
O00003310,C000163,2025-03-27 09:00:00,P00064,2,21.64,0.1,completed
O00003311,C000163,2025-04-01 11:00:00,P00038,3,106.87,0.2,completed
O00003312,C000163,2025-05-07 01:00:00,P00029,2,53.68,0.0,completed
O00003313,C000163,2025-07-10 12:00:00,P00062,1,25.86,0.2,completed
O00003314,C000163,2025-11-12 19:00:00,P00060,2,65.14,0.1,completed
O00003315,C000163,2026-01-11 16:00:00,P00055,1,10.21,0.0,completed
O00003316,C000163,2026-01-23 21:00:00,P00027,2,33.35,0.1,completed
O00003317,C000163,2026-03-08 23:00:00,P00019,1,17.0,0.0,completed
O00003318,C000165,2024-06-14 02:00:00,P00023,1,31.27,0.0,completed
O00003319,C000166,2025-03-14 11:00:00,P00024,1,19.88,0.0,completed
O00003320,C000166,2025-03-20 11:00:00,P00077,3,129.87,0.0,completed
O00003321,C000166,2025-04-22 05:00:00,P00004,2,29.6,0.2,completed
O00003322,C000166,2025-07-09 00:00:00,P00018,3,37.32,0.0,completed
O00003323,C000166,2025-07-10 10:00:00,P00067,1,10.06,0.2,completed
O00003324,C000167,2025-06-08 05:00:00,P00074,2,29.9,0.0,completed
O00003325,C000167,2025-06-08 13:00:00,P00006,1,28.87,0.1,completed
O00003326,C000168,2024-05-12 22:00:00,P00031,2,9.86,0.0,completed
O00003327,C000169,2025-08-01 22:00:00,P00001,3,49.38,0.1,completed
O00003328,C000169,2025-08-07 05:00:00,P00013,2,39.42,0.0,refunded
O00003329,C000169,2025-08-13 09:00:00,P00011,2,37.44,0.0,completed
O00003330,C000169,2025-08-15 23:00:00,P00021,2,16.36,0.1,completed
O00003331,C000169,2025-08-21 23:00:00,P00002,3,97.62,0.0,cancelled
O00003332,C000169,2025-09-03 01:00:00,P00053,3,118.47,0.0,refunded
O00003333,C000169,2025-09-09 02:00:00,P00037,3,60.29,0.2,completed
O00003334,C000169,2025-09-14 08:00:00,P00022,1,23.44,0.0,completed
O00003335,C000169,2025-10-14 15:00:00,P00022,2,37.5,0.2,completed
O00003336,C000169,2025-11-03 02:00:00,P00077,1,43.29,0.0,completed
O00003337,C000169,2025-11-06 16:00:00,P00003,2,48.32,0.0,completed
O00003338,C000169,2025-12-05 02:00:00,P00035,2,51.0,0.0,completed
O00003339,C000169,2025-12-17 08:00:00,P00033,3,47.85,0.0,completed
O00003340,C000169,2025-12-26 13:00:00,P00032,3,42.84,0.0,refunded
O00003341,C000169,2026-01-13 08:00:00,P00017,1,4.97,0.0,completed
O00003342,C000169,2026-01-20 23:00:00,P00004,2,37.0,0.0,completed
O00003343,C000169,2026-02-01 07:00:00,P00045,1,16.02,0.0,completed
O00003344,C000169,2026-02-24 11:00:00,P00057,1,56.05,0.0,completed
O00003345,C000169,2026-02-27 01:00:00,P00052,1,9.71,0.2,completed
O00003346,C000169,2026-03-17 06:00:00,P00012,2,26.14,0.0,completed
O00003347,C000169,2026-03-21 23:00:00,P00016,3,38.31,0.0,completed
O00003348,C000169,2026-04-05 11:00:00,P00008,2,28.48,0.0,completed
O00003349,C000169,2026-04-12 11:00:00,P00025,3,73.82,0.1,completed
O00003350,C000169,2026-04-17 00:00:00,P00075,1,21.82,0.1,completed
O00003351,C000169,2026-04-22 04:00:00,P00009,2,67.24,0.0,completed
O00003352,C000169,2026-05-05 16:00:00,P00000,3,136.59,0.0,completed
O00003353,C000169,2026-05-16 21:00:00,P00066,2,14.86,0.0,completed
O00003354,C000169,2026-06-02 06:00:00,P00045,3,43.25,0.1,completed
O00003355,C000169,2026-06-23 12:00:00,P00028,3,40.42,0.1,completed
O00003356,C000169,2026-06-27 14:00:00,P00027,2,33.35,0.1,completed
O00003357,C000170,2024-05-25 22:00:00,P00001,1,18.29,0.0,completed
O00003358,C000170,2024-06-02 07:00:00,P00062,3,96.99,0.0,completed
O00003359,C000170,2024-06-27 01:00:00,P00033,3,38.28,0.2,completed
O00003360,C000170,2024-06-30 23:00:00,P00075,1,24.25,0.0,completed
O00003361,C000170,2024-07-09 22:00:00,P00034,2,52.64,0.0,completed
O00003362,C000170,2024-07-30 09:00:00,P00032,3,38.56,0.1,completed
O00003363,C000170,2024-08-03 09:00:00,P00031,3,11.83,0.2,completed
O00003364,C000170,2024-08-26 21:00:00,P00072,1,4.54,0.0,completed
O00003365,C000170,2024-08-27 00:00:00,P00076,1,50.81,0.2,completed
O00003366,C000170,2024-11-30 10:00:00,P00026,3,83.43,0.0,completed
O00003367,C000170,2024-12-04 05:00:00,P00053,2,78.98,0.0,completed
O00003368,C000170,2024-12-04 16:00:00,P00064,1,12.02,0.0,completed
O00003369,C000170,2024-12-21 00:00:00,P00045,2,25.63,0.2,completed
O00003370,C000170,2025-01-05 08:00:00,P00063,3,77.28,0.0,completed
O00003371,C000170,2025-01-10 09:00:00,P00016,2,22.99,0.1,completed
O00003372,C000170,2025-01-10 04:00:00,P00061,3,50.85,0.0,completed
O00003373,C000170,2025-01-24 16:00:00,P00016,3,34.48,0.1,completed
O00003374,C000170,2025-02-03 12:00:00,P00067,1,12.58,0.0,completed
O00003375,C000170,2025-02-04 02:00:00,P00006,3,76.99,0.2,completed
O00003376,C000170,2025-02-06 11:00:00,P00002,3,97.62,0.0,completed
O00003377,C000170,2025-02-15 05:00:00,P00024,2,39.76,0.0,completed
O00003378,C000170,2025-02-27 11:00:00,P00059,2,24.16,0.1,completed
O00003379,C000170,2025-03-09 14:00:00,P00055,1,10.21,0.0,refunded
O00003380,C000170,2025-03-30 13:00:00,P00021,3,27.27,0.0,completed
O00003381,C000170,2025-04-04 13:00:00,P00031,2,9.86,0.0,completed
O00003382,C000170,2025-04-12 19:00:00,P00050,3,135.68,0.1,completed
O00003383,C000170,2025-04-16 00:00:00,P00057,1,56.05,0.0,completed
O00003384,C000170,2025-04-20 00:00:00,P00018,2,19.9,0.2,completed
O00003385,C000170,2025-05-30 00:00:00,P00005,2,45.14,0.0,completed
O00003386,C000170,2025-06-28 23:00:00,P00054,2,18.26,0.0,completed
O00003387,C000170,2025-07-17 03:00:00,P00013,3,47.3,0.2,completed
O00003388,C000170,2025-07-21 19:00:00,P00052,3,36.42,0.0,completed
O00003389,C000170,2025-08-06 04:00:00,P00017,2,8.95,0.1,completed
O00003390,C000170,2025-08-25 21:00:00,P00077,1,43.29,0.0,completed
O00003391,C000170,2025-09-06 06:00:00,P00052,3,36.42,0.0,completed
O00003392,C000170,2025-09-29 03:00:00,P00033,1,15.95,0.0,completed
O00003393,C000170,2025-10-12 19:00:00,P00019,1,15.3,0.1,completed
O00003394,C000170,2025-10-22 13:00:00,P00067,1,12.58,0.0,completed
O00003395,C000170,2025-10-23 06:00:00,P00069,3,474.58,0.1,completed
O00003396,C000170,2025-10-23 23:00:00,P00071,3,58.35,0.1,completed
O00003397,C000170,2025-11-18 19:00:00,P00016,2,25.54,0.0,completed
O00003398,C000170,2025-12-10 10:00:00,P00054,3,27.39,0.0,completed
O00003399,C000170,2025-12-13 00:00:00,P00012,3,31.37,0.2,completed
O00003400,C000170,2025-12-25 00:00:00,P00008,3,42.72,0.0,completed
O00003401,C000170,2025-12-26 17:00:00,P00014,2,20.48,0.0,completed
O00003402,C000170,2026-02-02 21:00:00,P00031,2,9.86,0.0,completed
O00003403,C000170,2026-02-20 05:00:00,P00064,3,28.85,0.2,completed
O00003404,C000170,2026-03-08 04:00:00,P00072,1,4.54,0.0,completed
O00003405,C000170,2026-05-15 06:00:00,P00011,1,18.72,0.0,completed
O00003406,C000170,2026-06-16 07:00:00,P00021,3,24.54,0.1,completed
O00003407,C000170,2026-06-18 18:00:00,P00012,3,35.29,0.1,completed
O00003408,C000170,2026-06-21 13:00:00,P00005,2,45.14,0.0,completed
O00003409,C000170,2026-06-23 15:00:00,P00018,2,22.39,0.1,completed
O00003410,C000171,2024-08-29 01:00:00,P00055,3,30.63,0.0,completed
O00003411,C000171,2024-10-14 08:00:00,P00012,1,11.76,0.1,completed
O00003412,C000171,2024-10-30 02:00:00,P00001,1,18.29,0.0,completed
O00003413,C000171,2025-05-29 18:00:00,P00050,3,150.75,0.0,completed
O00003414,C000171,2025-06-27 12:00:00,P00052,3,36.42,0.0,cancelled
O00003415,C000171,2025-08-29 17:00:00,P00026,2,55.62,0.0,completed
O00003416,C000171,2025-10-10 00:00:00,P00018,1,12.44,0.0,completed
O00003417,C000171,2025-10-15 06:00:00,P00064,1,12.02,0.0,refunded
O00003418,C000171,2025-10-19 04:00:00,P00057,2,112.1,0.0,completed
O00003419,C000171,2026-01-01 04:00:00,P00050,1,50.25,0.0,completed
O00003420,C000171,2026-02-06 06:00:00,P00030,2,22.28,0.0,completed
O00003421,C000171,2026-03-13 09:00:00,P00034,3,78.96,0.0,completed
O00003422,C000171,2026-04-30 01:00:00,P00001,1,16.46,0.1,completed
O00003423,C000171,2026-05-08 15:00:00,P00023,3,93.81,0.0,completed
O00003424,C000172,2024-05-01 20:00:00,P00079,2,77.66,0.0,completed
O00003425,C000172,2024-05-05 12:00:00,P00015,3,32.7,0.0,completed
O00003426,C000174,2024-04-26 09:00:00,P00038,2,71.25,0.2,refunded
O00003427,C000174,2024-04-27 01:00:00,P00024,2,31.81,0.2,completed
O00003428,C000174,2024-06-01 07:00:00,P00044,3,112.5,0.0,completed
O00003429,C000174,2024-08-31 16:00:00,P00053,3,106.62,0.1,cancelled
O00003430,C000174,2024-10-10 04:00:00,P00060,3,108.57,0.0,completed
O00003431,C000174,2024-12-01 16:00:00,P00047,1,28.49,0.0,completed
O00003432,C000174,2024-12-05 13:00:00,P00063,3,77.28,0.0,completed
O00003433,C000174,2025-02-13 23:00:00,P00005,3,67.71,0.0,completed
O00003434,C000174,2025-04-11 13:00:00,P00000,3,136.59,0.0,completed
O00003435,C000174,2025-07-14 09:00:00,P00073,3,57.54,0.1,completed
O00003436,C000174,2025-09-22 07:00:00,P00062,1,32.33,0.0,completed
O00003437,C000174,2025-10-05 17:00:00,P00009,1,30.26,0.1,completed
O00003438,C000174,2025-10-06 14:00:00,P00009,2,67.24,0.0,completed
O00003439,C000174,2025-10-28 04:00:00,P00022,2,37.5,0.2,refunded
O00003440,C000174,2025-11-26 16:00:00,P00058,3,65.13,0.0,completed
O00003441,C000174,2025-12-29 06:00:00,P00060,1,36.19,0.0,completed
O00003442,C000174,2026-01-07 21:00:00,P00028,2,29.94,0.0,completed
O00003443,C000174,2026-01-08 11:00:00,P00023,3,93.81,0.0,completed
O00003444,C000174,2026-02-17 17:00:00,P00011,1,16.85,0.1,completed
O00003445,C000174,2026-02-21 11:00:00,P00003,2,38.66,0.2,completed
O00003446,C000174,2026-03-08 08:00:00,P00024,3,59.64,0.0,completed
O00003447,C000174,2026-03-30 04:00:00,P00019,1,17.0,0.0,completed
O00003448,C000174,2026-04-27 15:00:00,P00053,3,118.47,0.0,completed
O00003449,C000175,2024-02-25 10:00:00,P00001,3,43.9,0.2,completed
O00003450,C000175,2024-04-18 17:00:00,P00075,2,48.5,0.0,completed
O00003451,C000175,2024-05-18 04:00:00,P00048,3,85.8,0.2,completed
O00003452,C000175,2024-09-25 04:00:00,P00028,1,14.97,0.0,completed
O00003453,C000175,2024-09-26 22:00:00,P00075,3,72.75,0.0,refunded
O00003454,C000176,2024-07-06 05:00:00,P00025,2,54.68,0.0,refunded
O00003455,C000176,2024-09-17 11:00:00,P00074,2,23.92,0.2,cancelled
O00003456,C000176,2024-12-29 19:00:00,P00054,2,14.61,0.2,completed
O00003457,C000176,2025-02-14 02:00:00,P00046,2,80.77,0.2,completed
O00003458,C000176,2025-04-18 02:00:00,P00056,1,19.85,0.1,completed
O00003459,C000177,2025-11-22 11:00:00,P00043,1,8.62,0.0,completed
O00003460,C000177,2025-11-29 04:00:00,P00044,2,75.0,0.0,completed
O00003461,C000177,2025-12-07 05:00:00,P00063,3,69.55,0.1,completed
O00003462,C000177,2026-03-07 16:00:00,P00036,3,40.74,0.1,completed
O00003463,C000177,2026-04-15 02:00:00,P00075,2,48.5,0.0,completed
O00003464,C000177,2026-06-19 23:00:00,P00058,2,43.42,0.0,completed
O00003465,C000178,2025-06-18 09:00:00,P00073,2,42.62,0.0,completed
O00003466,C000178,2025-07-11 17:00:00,P00044,1,33.75,0.1,completed
O00003467,C000178,2025-07-19 04:00:00,P00002,3,78.1,0.2,completed
O00003468,C000178,2025-08-12 21:00:00,P00056,1,17.64,0.2,completed
O00003469,C000178,2025-10-22 15:00:00,P00011,3,56.16,0.0,completed
O00003470,C000178,2025-11-14 10:00:00,P00022,1,23.44,0.0,completed
O00003471,C000178,2025-11-18 18:00:00,P00062,1,32.33,0.0,completed
O00003472,C000178,2025-11-19 11:00:00,P00079,2,77.66,0.0,completed
O00003473,C000178,2025-11-19 13:00:00,P00069,1,158.19,0.1,completed
O00003474,C000178,2025-12-23 21:00:00,P00011,2,29.95,0.2,completed
O00003475,C000178,2025-12-26 20:00:00,P00014,1,8.19,0.2,completed
O00003476,C000178,2026-01-11 17:00:00,P00043,2,15.52,0.1,completed
O00003477,C000178,2026-02-08 18:00:00,P00040,2,19.76,0.2,completed
O00003478,C000178,2026-03-02 18:00:00,P00015,2,21.8,0.0,refunded
O00003479,C000178,2026-03-06 14:00:00,P00014,1,10.24,0.0,completed
O00003480,C000178,2026-04-26 11:00:00,P00037,3,60.29,0.2,completed
O00003481,C000178,2026-05-05 19:00:00,P00004,3,44.4,0.2,completed
O00003482,C000178,2026-05-06 20:00:00,P00077,3,129.87,0.0,completed
O00003483,C000178,2026-05-16 12:00:00,P00021,2,14.54,0.2,completed
O00003484,C000178,2026-05-29 07:00:00,P00058,3,52.1,0.2,completed
O00003485,C000179,2025-02-01 05:00:00,P00037,1,20.1,0.2,completed
O00003486,C000179,2025-02-22 03:00:00,P00043,1,7.76,0.1,completed
O00003487,C000179,2025-04-01 04:00:00,P00033,3,47.85,0.0,completed
O00003488,C000179,2025-04-10 10:00:00,P00065,3,156.39,0.0,completed
O00003489,C000179,2025-04-26 05:00:00,P00075,3,72.75,0.0,completed
O00003490,C000179,2025-06-30 13:00:00,P00044,1,30.0,0.2,refunded
O00003491,C000179,2025-07-17 12:00:00,P00052,1,12.14,0.0,completed
O00003492,C000180,2025-05-08 06:00:00,P00027,2,33.35,0.1,completed
O00003493,C000180,2025-05-25 21:00:00,P00037,1,25.12,0.0,refunded
O00003494,C000180,2025-06-03 15:00:00,P00037,2,50.24,0.0,completed
O00003495,C000180,2025-06-12 06:00:00,P00068,3,110.79,0.0,completed
O00003496,C000180,2025-07-16 00:00:00,P00030,2,17.82,0.2,completed
O00003497,C000180,2025-09-06 02:00:00,P00045,3,43.25,0.1,completed
O00003498,C000180,2025-09-11 15:00:00,P00010,1,17.47,0.0,completed
O00003499,C000180,2025-11-15 22:00:00,P00074,3,44.85,0.0,completed
O00003500,C000180,2025-12-29 12:00:00,P00032,3,42.84,0.0,completed
O00003501,C000180,2026-02-10 01:00:00,P00042,1,38.97,0.0,completed
O00003502,C000180,2026-04-24 23:00:00,P00021,3,27.27,0.0,completed
O00003503,C000180,2026-06-25 19:00:00,P00026,3,75.09,0.1,completed
O00003504,C000181,2025-05-07 06:00:00,P00049,2,79.96,0.1,completed
O00003505,C000181,2025-05-25 00:00:00,P00014,2,20.48,0.0,completed
O00003506,C000181,2025-06-23 22:00:00,P00016,2,20.43,0.2,completed
O00003507,C000181,2025-08-13 04:00:00,P00027,3,50.03,0.1,completed
O00003508,C000181,2025-09-12 19:00:00,P00007,3,160.89,0.0,completed
O00003509,C000181,2025-10-15 19:00:00,P00072,2,8.17,0.1,completed
O00003510,C000181,2025-10-20 00:00:00,P00013,2,35.48,0.1,completed
O00003511,C000181,2025-11-23 13:00:00,P00067,2,25.16,0.0,completed
O00003512,C000181,2026-01-06 00:00:00,P00001,2,36.58,0.0,completed
O00003513,C000181,2026-01-18 01:00:00,P00044,2,75.0,0.0,cancelled
O00003514,C000181,2026-02-19 04:00:00,P00041,2,32.06,0.1,cancelled
O00003515,C000181,2026-02-24 13:00:00,P00035,1,25.5,0.0,completed
O00003516,C000181,2026-03-07 20:00:00,P00079,2,62.13,0.2,completed
O00003517,C000181,2026-03-12 02:00:00,P00064,1,10.82,0.1,completed
O00003518,C000181,2026-04-10 00:00:00,P00070,1,6.85,0.0,completed
O00003519,C000181,2026-04-23 16:00:00,P00063,3,77.28,0.0,completed
O00003520,C000181,2026-05-05 03:00:00,P00030,3,33.42,0.0,completed
O00003521,C000182,2024-08-21 10:00:00,P00038,1,44.53,0.0,completed
O00003522,C000182,2024-09-05 22:00:00,P00008,1,14.24,0.0,completed
O00003523,C000182,2024-09-09 02:00:00,P00050,2,100.5,0.0,completed
O00003524,C000182,2024-09-26 21:00:00,P00061,2,33.9,0.0,completed
O00003525,C000182,2024-09-27 16:00:00,P00078,2,36.96,0.0,completed
O00003526,C000182,2025-03-04 15:00:00,P00019,2,34.0,0.0,completed
O00003527,C000183,2024-05-11 17:00:00,P00024,3,59.64,0.0,completed
O00003528,C000183,2024-05-13 15:00:00,P00027,2,29.65,0.2,completed
O00003529,C000183,2024-06-29 19:00:00,P00027,1,14.82,0.2,completed
O00003530,C000183,2024-07-18 23:00:00,P00019,3,51.0,0.0,completed
O00003531,C000183,2024-07-30 19:00:00,P00062,2,64.66,0.0,completed
O00003532,C000183,2024-08-07 02:00:00,P00030,2,22.28,0.0,completed
O00003533,C000183,2024-08-29 07:00:00,P00046,3,136.3,0.1,completed
O00003534,C000183,2024-09-06 14:00:00,P00035,2,40.8,0.2,completed
O00003535,C000183,2024-10-22 09:00:00,P00009,3,80.69,0.2,completed
O00003536,C000183,2024-11-23 16:00:00,P00021,2,14.54,0.2,completed
O00003537,C000183,2024-11-27 02:00:00,P00033,2,31.9,0.0,completed
O00003538,C000183,2024-12-04 02:00:00,P00017,1,4.97,0.0,completed
O00003539,C000183,2024-12-17 11:00:00,P00036,1,15.09,0.0,completed
O00003540,C000184,2025-03-23 17:00:00,P00004,3,55.5,0.0,completed
O00003541,C000184,2025-09-22 18:00:00,P00034,2,42.11,0.2,completed
O00003542,C000184,2026-01-21 23:00:00,P00010,3,52.41,0.0,completed
O00003543,C000186,2024-06-05 13:00:00,P00026,2,55.62,0.0,completed
O00003544,C000186,2024-09-07 09:00:00,P00010,1,13.98,0.2,completed
O00003545,C000186,2024-12-22 13:00:00,P00058,2,34.74,0.2,refunded
O00003546,C000186,2025-02-26 04:00:00,P00033,1,15.95,0.0,completed
O00003547,C000186,2025-04-16 14:00:00,P00067,1,12.58,0.0,completed
O00003548,C000186,2025-06-15 03:00:00,P00005,2,45.14,0.0,completed
O00003549,C000186,2025-07-31 19:00:00,P00074,2,23.92,0.2,completed
O00003550,C000186,2025-08-06 04:00:00,P00026,3,83.43,0.0,completed
O00003551,C000186,2025-10-15 19:00:00,P00010,1,17.47,0.0,completed
O00003552,C000186,2025-10-17 18:00:00,P00028,1,11.98,0.2,completed
O00003553,C000187,2024-12-13 05:00:00,P00037,2,50.24,0.0,completed
O00003554,C000188,2025-01-15 21:00:00,P00042,2,62.35,0.2,completed
O00003555,C000188,2025-01-22 00:00:00,P00002,3,97.62,0.0,completed
O00003556,C000188,2025-01-29 04:00:00,P00066,2,14.86,0.0,completed
O00003557,C000188,2025-01-30 22:00:00,P00042,3,116.91,0.0,completed
O00003558,C000188,2025-02-04 02:00:00,P00028,1,11.98,0.2,completed
O00003559,C000188,2025-03-12 10:00:00,P00005,1,22.57,0.0,completed
O00003560,C000188,2025-03-23 07:00:00,P00058,3,58.62,0.1,completed
O00003561,C000188,2025-04-04 20:00:00,P00074,3,44.85,0.0,completed
O00003562,C000188,2025-04-27 04:00:00,P00033,1,15.95,0.0,completed
O00003563,C000188,2025-04-29 22:00:00,P00031,2,9.86,0.0,completed
O00003564,C000188,2025-06-01 23:00:00,P00066,2,11.89,0.2,completed
O00003565,C000188,2025-06-03 08:00:00,P00061,3,50.85,0.0,completed
O00003566,C000188,2025-06-24 17:00:00,P00066,3,17.83,0.2,completed
O00003567,C000188,2025-07-05 07:00:00,P00058,2,43.42,0.0,completed
O00003568,C000188,2025-07-05 08:00:00,P00054,2,18.26,0.0,completed
O00003569,C000188,2025-07-22 06:00:00,P00048,2,57.2,0.2,completed
O00003570,C000188,2025-08-11 11:00:00,P00019,1,15.3,0.1,completed
O00003571,C000188,2025-09-29 18:00:00,P00031,3,14.79,0.0,completed
O00003572,C000188,2025-11-04 00:00:00,P00055,2,20.42,0.0,refunded
O00003573,C000188,2025-11-18 22:00:00,P00019,2,27.2,0.2,completed
O00003574,C000188,2025-12-02 20:00:00,P00071,2,38.9,0.1,completed
O00003575,C000188,2026-01-28 16:00:00,P00041,1,16.03,0.1,completed
O00003576,C000188,2026-03-07 09:00:00,P00066,3,22.29,0.0,completed
O00003577,C000188,2026-05-09 20:00:00,P00018,3,37.32,0.0,refunded
O00003578,C000188,2026-05-21 20:00:00,P00075,1,19.4,0.2,refunded
O00003579,C000188,2026-05-25 07:00:00,P00076,2,114.32,0.1,completed
O00003580,C000188,2026-05-28 05:00:00,P00052,2,19.42,0.2,completed
O00003581,C000188,2026-06-01 01:00:00,P00046,1,50.48,0.0,completed
O00003582,C000188,2026-06-09 17:00:00,P00009,2,53.79,0.2,completed
O00003583,C000188,2026-06-14 02:00:00,P00040,2,24.7,0.0,completed
O00003584,C000188,2026-06-25 18:00:00,P00000,2,81.95,0.1,completed
O00003585,C000189,2024-06-09 10:00:00,P00007,2,96.53,0.1,completed
O00003586,C000189,2024-07-06 03:00:00,P00031,2,8.87,0.1,completed
O00003587,C000189,2024-10-04 14:00:00,P00047,1,28.49,0.0,completed
O00003588,C000190,2025-10-06 18:00:00,P00012,3,31.37,0.2,completed
O00003589,C000190,2026-03-07 19:00:00,P00015,1,8.72,0.2,completed
O00003590,C000190,2026-05-23 20:00:00,P00008,1,12.82,0.1,completed
O00003591,C000191,2024-05-05 17:00:00,P00025,1,27.34,0.0,completed
O00003592,C000191,2024-05-05 11:00:00,P00077,2,69.26,0.2,completed
O00003593,C000191,2024-06-15 04:00:00,P00020,3,93.09,0.0,completed
O00003594,C000191,2024-06-21 19:00:00,P00026,2,55.62,0.0,completed
O00003595,C000191,2024-07-21 16:00:00,P00032,1,12.85,0.1,completed
O00003596,C000191,2024-09-05 18:00:00,P00035,1,20.4,0.2,completed
O00003597,C000191,2024-12-26 17:00:00,P00067,2,25.16,0.0,completed
O00003598,C000191,2025-01-03 05:00:00,P00058,1,21.71,0.0,completed
O00003599,C000191,2025-01-11 20:00:00,P00009,3,100.86,0.0,completed
O00003600,C000191,2025-04-18 13:00:00,P00020,2,62.06,0.0,completed
O00003601,C000191,2025-07-08 22:00:00,P00052,1,9.71,0.2,completed
O00003602,C000191,2025-09-13 13:00:00,P00008,1,14.24,0.0,completed
O00003603,C000191,2025-09-26 11:00:00,P00068,3,110.79,0.0,completed
O00003604,C000191,2025-10-01 21:00:00,P00038,1,44.53,0.0,completed
O00003605,C000191,2025-11-05 16:00:00,P00024,1,17.89,0.1,completed
O00003606,C000191,2025-12-15 21:00:00,P00049,1,44.42,0.0,completed
O00003607,C000191,2026-01-16 17:00:00,P00055,1,10.21,0.0,completed
O00003608,C000191,2026-03-12 04:00:00,P00007,1,53.63,0.0,completed
O00003609,C000191,2026-05-01 03:00:00,P00078,3,49.9,0.1,completed
O00003610,C000191,2026-06-17 21:00:00,P00036,1,15.09,0.0,completed
O00003611,C000193,2025-05-18 00:00:00,P00074,2,29.9,0.0,completed
O00003612,C000193,2025-07-09 02:00:00,P00079,2,69.89,0.1,completed
O00003613,C000193,2025-08-04 18:00:00,P00019,3,51.0,0.0,completed
O00003614,C000193,2025-09-05 17:00:00,P00068,1,29.54,0.2,completed
O00003615,C000193,2025-09-08 00:00:00,P00065,2,104.26,0.0,completed
O00003616,C000193,2025-12-05 10:00:00,P00023,2,56.29,0.1,completed
O00003617,C000193,2025-12-10 16:00:00,P00038,1,44.53,0.0,completed
O00003618,C000193,2025-12-22 06:00:00,P00043,2,17.24,0.0,completed
O00003619,C000193,2026-01-05 20:00:00,P00005,3,54.17,0.2,completed
O00003620,C000193,2026-03-10 00:00:00,P00016,1,10.22,0.2,completed
O00003621,C000193,2026-06-05 20:00:00,P00055,2,20.42,0.0,completed
O00003622,C000193,2026-06-24 07:00:00,P00017,1,4.97,0.0,completed
O00003623,C000194,2024-02-29 20:00:00,P00076,2,127.02,0.0,completed
O00003624,C000194,2024-03-22 00:00:00,P00063,2,51.52,0.0,completed
O00003625,C000194,2024-03-23 09:00:00,P00046,3,151.44,0.0,completed
O00003626,C000194,2024-03-27 13:00:00,P00012,3,35.29,0.1,completed
O00003627,C000194,2024-03-29 00:00:00,P00070,1,6.85,0.0,completed
O00003628,C000194,2024-06-09 21:00:00,P00054,1,7.3,0.2,completed
O00003629,C000194,2024-06-14 09:00:00,P00037,2,45.22,0.1,completed
O00003630,C000194,2024-06-17 11:00:00,P00069,1,140.62,0.2,completed
O00003631,C000194,2024-07-02 05:00:00,P00011,1,18.72,0.0,completed
O00003632,C000194,2024-11-07 05:00:00,P00078,1,18.48,0.0,completed
O00003633,C000194,2024-11-29 05:00:00,P00047,1,28.49,0.0,completed
O00003634,C000194,2024-12-15 14:00:00,P00041,2,32.06,0.1,completed
O00003635,C000194,2025-01-16 22:00:00,P00042,1,35.07,0.1,completed
O00003636,C000194,2025-02-12 15:00:00,P00079,2,62.13,0.2,completed
O00003637,C000194,2025-03-07 17:00:00,P00076,1,63.51,0.0,completed
O00003638,C000194,2025-03-13 08:00:00,P00017,2,7.95,0.2,completed
O00003639,C000194,2025-03-29 15:00:00,P00066,3,22.29,0.0,completed
O00003640,C000194,2025-04-21 13:00:00,P00017,2,7.95,0.2,completed
O00003641,C000194,2025-05-11 03:00:00,P00073,2,42.62,0.0,completed
O00003642,C000194,2025-08-16 00:00:00,P00033,1,15.95,0.0,cancelled
O00003643,C000194,2025-10-29 03:00:00,P00020,3,93.09,0.0,completed
O00003644,C000194,2025-11-02 03:00:00,P00047,2,56.98,0.0,completed
O00003645,C000194,2026-01-17 03:00:00,P00049,3,133.26,0.0,completed
O00003646,C000194,2026-01-26 07:00:00,P00046,2,100.96,0.0,refunded
O00003647,C000195,2024-03-22 05:00:00,P00004,1,18.5,0.0,completed
O00003648,C000195,2024-04-06 19:00:00,P00022,1,18.75,0.2,refunded
O00003649,C000195,2024-04-19 17:00:00,P00041,2,35.62,0.0,completed
O00003650,C000195,2024-06-07 19:00:00,P00038,1,35.62,0.2,cancelled
O00003651,C000195,2024-06-11 14:00:00,P00051,1,33.84,0.2,completed
O00003652,C000195,2024-07-01 07:00:00,P00016,2,25.54,0.0,completed
O00003653,C000195,2024-07-20 12:00:00,P00011,2,37.44,0.0,completed
O00003654,C000195,2024-08-01 17:00:00,P00029,1,26.84,0.0,completed
O00003655,C000195,2024-08-23 23:00:00,P00003,1,21.74,0.1,completed
O00003656,C000195,2024-09-01 18:00:00,P00073,1,21.31,0.0,completed
O00003657,C000195,2024-10-07 16:00:00,P00012,3,31.37,0.2,completed
O00003658,C000195,2024-12-02 08:00:00,P00077,1,43.29,0.0,completed
O00003659,C000195,2025-01-23 17:00:00,P00068,3,110.79,0.0,completed
O00003660,C000195,2025-01-25 15:00:00,P00052,2,21.85,0.1,completed
O00003661,C000195,2025-03-28 09:00:00,P00044,3,112.5,0.0,completed
O00003662,C000195,2025-11-24 14:00:00,P00055,1,10.21,0.0,completed
O00003663,C000195,2025-12-17 14:00:00,P00023,3,75.05,0.2,completed
O00003664,C000195,2025-12-27 07:00:00,P00006,1,32.08,0.0,refunded
O00003665,C000196,2024-11-06 07:00:00,P00051,1,38.07,0.1,completed
O00003666,C000196,2024-11-07 19:00:00,P00072,2,7.26,0.2,completed
O00003667,C000196,2025-02-06 21:00:00,P00007,1,48.27,0.1,completed
O00003668,C000196,2025-03-30 14:00:00,P00001,3,54.87,0.0,completed
O00003669,C000196,2025-07-03 10:00:00,P00017,1,4.97,0.0,completed
O00003670,C000196,2025-12-15 13:00:00,P00047,1,28.49,0.0,completed
O00003671,C000196,2026-01-17 13:00:00,P00057,3,168.15,0.0,completed
O00003672,C000196,2026-01-23 15:00:00,P00062,3,96.99,0.0,completed
O00003673,C000196,2026-01-28 07:00:00,P00076,1,57.16,0.1,completed
O00003674,C000196,2026-04-05 08:00:00,P00005,3,60.94,0.1,completed
O00003675,C000197,2025-04-27 19:00:00,P00035,2,45.9,0.1,completed
O00003676,C000197,2025-05-24 07:00:00,P00002,2,65.08,0.0,completed
O00003677,C000197,2025-09-01 11:00:00,P00008,2,28.48,0.0,completed
O00003678,C000197,2025-09-09 16:00:00,P00021,2,18.18,0.0,completed
O00003679,C000197,2025-09-22 23:00:00,P00015,3,32.7,0.0,completed
O00003680,C000197,2025-10-31 14:00:00,P00022,2,46.88,0.0,completed
O00003681,C000197,2025-11-21 19:00:00,P00072,3,10.9,0.2,completed
O00003682,C000197,2025-11-29 14:00:00,P00055,2,20.42,0.0,completed
O00003683,C000197,2025-12-03 00:00:00,P00055,1,10.21,0.0,completed
O00003684,C000197,2026-01-16 17:00:00,P00018,3,33.59,0.1,completed
O00003685,C000197,2026-01-16 17:00:00,P00026,3,66.74,0.2,completed
O00003686,C000197,2026-01-23 15:00:00,P00006,2,64.16,0.0,completed
O00003687,C000197,2026-01-26 06:00:00,P00007,1,53.63,0.0,completed
O00003688,C000197,2026-02-11 00:00:00,P00064,1,12.02,0.0,completed
O00003689,C000197,2026-03-01 15:00:00,P00007,3,160.89,0.0,completed
O00003690,C000197,2026-03-21 03:00:00,P00007,2,107.26,0.0,completed
O00003691,C000197,2026-05-05 00:00:00,P00024,2,39.76,0.0,completed
O00003692,C000197,2026-05-31 13:00:00,P00008,2,28.48,0.0,completed
O00003693,C000197,2026-06-11 22:00:00,P00063,1,25.76,0.0,completed
O00003694,C000198,2024-04-04 16:00:00,P00076,3,190.53,0.0,completed
O00003695,C000198,2024-04-20 02:00:00,P00060,2,72.38,0.0,completed
O00003696,C000198,2024-04-24 11:00:00,P00035,2,51.0,0.0,completed
O00003697,C000198,2024-05-09 04:00:00,P00033,3,38.28,0.2,completed
O00003698,C000198,2024-05-11 22:00:00,P00046,3,136.3,0.1,completed
O00003699,C000198,2024-05-21 22:00:00,P00076,1,63.51,0.0,completed
O00003700,C000198,2024-05-24 08:00:00,P00035,2,51.0,0.0,completed
O00003701,C000198,2024-06-02 22:00:00,P00051,2,84.6,0.0,cancelled
O00003702,C000198,2024-06-04 16:00:00,P00027,2,33.35,0.1,completed
O00003703,C000198,2024-06-10 11:00:00,P00019,2,34.0,0.0,completed
O00003704,C000198,2024-06-18 13:00:00,P00025,1,27.34,0.0,completed
O00003705,C000198,2024-06-23 21:00:00,P00035,3,76.5,0.0,completed
O00003706,C000198,2024-07-07 08:00:00,P00018,1,11.2,0.1,completed
O00003707,C000198,2024-08-08 17:00:00,P00037,1,22.61,0.1,completed
O00003708,C000198,2024-08-10 18:00:00,P00019,3,51.0,0.0,completed
O00003709,C000198,2024-09-02 21:00:00,P00031,2,7.89,0.2,completed
O00003710,C000198,2024-09-16 19:00:00,P00011,1,18.72,0.0,completed
O00003711,C000198,2024-09-18 23:00:00,P00030,2,20.05,0.1,completed
O00003712,C000198,2024-09-25 03:00:00,P00024,2,39.76,0.0,completed
O00003713,C000198,2024-10-23 16:00:00,P00052,1,9.71,0.2,cancelled
O00003714,C000198,2024-11-24 04:00:00,P00003,3,65.23,0.1,refunded
O00003715,C000198,2025-01-09 05:00:00,P00011,1,18.72,0.0,completed
O00003716,C000199,2024-05-07 19:00:00,P00022,1,23.44,0.0,completed
O00003717,C000199,2024-05-12 22:00:00,P00045,1,16.02,0.0,completed
O00003718,C000199,2024-09-17 10:00:00,P00034,3,78.96,0.0,completed
O00003719,C000199,2024-09-30 15:00:00,P00021,3,21.82,0.2,completed
O00003720,C000199,2024-10-08 13:00:00,P00045,2,32.04,0.0,completed
